customer_id,recency,frequency,monetary,cluster,segment
AA-103151,9,5,697,2,At-Risk
AA-103152,14,7,3750,3,Champions
AA-103153,695,2,112,1,At-Risk
AA-103154,185,5,460,2,At-Risk
AA-103751,7,4,934,2,At-Risk
AA-103752,318,3,317,2,At-Risk
AA-103753,35,7,1460,0,Loyal Customers
AA-103754,20,9,229,0,Loyal Customers
AA-104801,126,5,5518,3,Champions
AA-104802,230,7,3987,3,Champions
AA-104803,237,4,383,2,At-Risk
AA-104804,260,4,60,2,At-Risk
AA-106451,29,12,3766,3,Champions
AA-106452,234,9,1337,0,Loyal Customers
AA-106453,56,9,1273,0,Loyal Customers
AA-106454,56,6,1294,0,Loyal Customers
AA-3151,154,1,11,2,At-Risk
AA-3152,3,6,2180,0,Loyal Customers
AA-3751,300,4,169,2,At-Risk
AA-3752,826,1,27,1,At-Risk
AA-3753,254,3,192,2,At-Risk
AA-4801,876,2,138,1,At-Risk
AA-4802,938,1,1085,1,At-Risk
AA-4803,315,2,424,2,At-Risk
AA-6451,61,8,1185,0,Loyal Customers
AA-6452,52,3,465,2,At-Risk
AB-100151,114,9,4004,3,Champions
AB-100152,253,12,1773,0,Loyal Customers
AB-100153,17,8,929,0,Loyal Customers
AB-100154,416,3,373,2,At-Risk
AB-100601,82,9,657,0,Loyal Customers
AB-100602,227,5,2760,0,Loyal Customers
AB-100603,43,10,3876,3,Champions
AB-100604,55,8,2374,0,Loyal Customers
AB-101051,217,7,2085,0,Loyal Customers
AB-101052,28,6,583,0,Loyal Customers
AB-101053,33,10,956,0,Loyal Customers
AB-101054,42,10,12435,3,Champions
AB-101501,111,4,429,2,At-Risk
AB-101502,104,6,4300,3,Champions
AB-101503,36,9,2170,0,Loyal Customers
AB-101504,42,5,199,2,At-Risk
AB-101651,390,5,1390,2,At-Risk
AB-101652,14,11,2898,3,Champions
AB-101653,61,5,600,2,At-Risk
AB-101654,26,8,511,0,Loyal Customers
AB-102551,191,7,1603,0,Loyal Customers
AB-102552,257,6,732,2,At-Risk
AB-102553,6,9,3525,3,Champions
AB-102554,167,9,816,0,Loyal Customers
AB-1051,403,2,97,2,At-Risk
AB-1052,231,1,34,2,At-Risk
AB-1053,44,4,1134,2,At-Risk
AB-106001,241,9,3292,3,Champions
AB-106002,338,6,2359,0,Loyal Customers
AB-106003,85,3,123,2,At-Risk
AB-106004,51,4,136,2,At-Risk
AB-1501,399,4,279,2,At-Risk
AB-151,413,2,205,2,At-Risk
AB-152,504,3,141,1,At-Risk
AB-1651,31,1,128,2,At-Risk
AB-1652,710,1,411,1,At-Risk
AB-1653,17,4,295,2,At-Risk
AB-2551,175,5,3069,0,Loyal Customers
AB-2552,44,1,10,2,At-Risk
AB-2553,121,2,313,2,At-Risk
AB-6001,8,3,190,2,At-Risk
AB-6002,876,2,613,1,At-Risk
AB-601,36,3,1433,2,At-Risk
AB-602,134,6,287,2,At-Risk
AC-104201,220,5,1157,2,At-Risk
AC-104202,463,7,1021,0,Loyal Customers
AC-104203,7,9,753,0,Loyal Customers
AC-104204,233,3,100,2,At-Risk
AC-104501,9,5,651,2,At-Risk
AC-104502,6,4,562,2,At-Risk
AC-104503,197,3,492,2,At-Risk
AC-104504,12,7,5460,3,Champions
AC-106151,13,11,2167,0,Loyal Customers
AC-106152,41,5,451,2,At-Risk
AC-106153,37,8,1538,0,Loyal Customers
AC-106154,7,5,76,2,At-Risk
AC-106601,64,4,750,2,At-Risk
AC-106602,152,6,1318,0,Loyal Customers
AC-106603,3,6,1051,0,Loyal Customers
AC-106604,283,5,650,2,At-Risk
AC-4201,14,6,388,2,At-Risk
AC-4202,387,3,101,2,At-Risk
AC-4501,337,3,422,2,At-Risk
AC-4502,920,2,147,1,At-Risk
AC-4503,182,2,93,2,At-Risk
AC-6151,510,3,137,1,At-Risk
AC-6152,93,4,174,2,At-Risk
AC-6601,120,3,1356,2,At-Risk
AC-6602,413,1,10,2,At-Risk
AD-101801,93,8,1879,0,Loyal Customers
AD-101802,377,5,918,2,At-Risk
AD-101803,332,6,906,2,At-Risk
AD-101804,30,8,1032,0,Loyal Customers
AD-1801,197,1,12,2,At-Risk
AD-1802,6,2,220,2,At-Risk
AF-108701,7,14,5024,3,Champions
AF-108702,106,6,5318,3,Champions
AF-108703,427,9,634,0,Loyal Customers
AF-108704,42,7,1033,0,Loyal Customers
AF-108851,77,10,3935,3,Champions
AF-108852,163,13,2512,0,Loyal Customers
AF-108853,54,8,1025,0,Loyal Customers
AF-108854,416,4,741,2,At-Risk
AF-8701,13,4,145,2,At-Risk
AF-8702,766,1,108,1,At-Risk
AF-8703,6,4,808,2,At-Risk
AF-8851,204,1,17,2,At-Risk
AF-8852,168,1,47,2,At-Risk
AG-102701,66,7,1352,0,Loyal Customers
AG-102702,197,4,558,2,At-Risk
AG-102703,41,9,1227,0,Loyal Customers
AG-102704,279,5,587,2,At-Risk
AG-103001,28,5,1214,2,At-Risk
AG-103002,73,7,1859,0,Loyal Customers
AG-103003,3,8,2035,0,Loyal Customers
AG-103004,119,4,349,2,At-Risk
AG-103301,173,5,3160,0,Loyal Customers
AG-103302,150,9,845,0,Loyal Customers
AG-103303,183,10,1860,0,Loyal Customers
AG-103304,9,5,297,2,At-Risk
AG-103901,241,2,137,2,At-Risk
AG-103902,414,4,1686,2,At-Risk
AG-103903,190,8,1211,0,Loyal Customers
AG-103904,115,5,100,2,At-Risk
AG-104951,168,6,641,2,At-Risk
AG-104952,129,11,2157,0,Loyal Customers
AG-104953,201,4,955,2,At-Risk
AG-104954,79,8,1129,0,Loyal Customers
AG-105251,135,3,324,2,At-Risk
AG-105252,38,8,2670,0,Loyal Customers
AG-105253,13,5,2325,0,Loyal Customers
AG-105254,846,4,630,1,At-Risk
AG-106751,770,3,1100,1,At-Risk
AG-106752,48,7,1176,0,Loyal Customers
AG-106753,401,4,371,2,At-Risk
AG-106754,98,7,3092,3,Champions
AG-107651,377,4,1525,2,At-Risk
AG-107652,93,6,1395,0,Loyal Customers
AG-107653,29,13,2610,0,Loyal Customers
AG-107654,78,4,143,2,At-Risk
AG-109001,118,8,815,0,Loyal Customers
AG-109002,373,8,2509,0,Loyal Customers
AG-109003,58,3,841,2,At-Risk
AG-109004,97,10,1724,0,Loyal Customers
AG-2701,164,5,224,2,At-Risk
AG-2702,520,1,197,1,At-Risk
AG-2703,14,2,22,2,At-Risk
AG-3001,146,2,568,2,At-Risk
AG-3002,99,4,200,2,At-Risk
AG-3301,3,6,392,2,At-Risk
AG-3302,15,1,20,2,At-Risk
AG-3901,1121,2,116,1,At-Risk
AG-3902,113,2,21,2,At-Risk
AG-4951,206,3,241,2,At-Risk
AG-4952,49,2,52,2,At-Risk
AG-4953,70,6,164,2,At-Risk
AG-5251,16,6,413,2,At-Risk
AG-5252,729,1,45,1,At-Risk
AG-6751,174,6,180,2,At-Risk
AG-6752,271,4,1060,2,At-Risk
AG-7651,580,4,415,1,At-Risk
AG-7652,115,4,364,2,At-Risk
AG-9001,24,4,227,2,At-Risk
AH-100301,411,6,3390,3,Champions
AH-100302,29,8,3283,3,Champions
AH-100303,159,6,3196,3,Champions
AH-100304,13,7,752,0,Loyal Customers
AH-100751,3,9,4478,3,Champions
AH-100752,31,9,736,0,Loyal Customers
AH-100753,231,6,2276,0,Loyal Customers
AH-100754,35,10,1448,0,Loyal Customers
AH-101201,472,3,558,2,At-Risk
AH-101202,114,6,468,2,At-Risk
AH-101203,307,6,1747,0,Loyal Customers
AH-101204,61,7,1044,0,Loyal Customers
AH-101951,50,6,2774,0,Loyal Customers
AH-101952,93,9,724,0,Loyal Customers
AH-101953,52,6,1731,0,Loyal Customers
AH-101954,56,4,373,2,At-Risk
AH-102101,471,2,62,1,At-Risk
AH-102102,103,11,3072,3,Champions
AH-102103,8,12,5782,3,Champions
AH-102104,7,9,4030,3,Champions
AH-104651,87,6,952,0,Loyal Customers
AH-104652,481,2,251,1,At-Risk
AH-104653,71,7,583,0,Loyal Customers
AH-104654,231,5,1550,2,At-Risk
AH-105851,188,9,3530,3,Champions
AH-105852,184,5,658,2,At-Risk
AH-105853,399,4,567,2,At-Risk
AH-105854,22,4,354,2,At-Risk
AH-106901,146,6,2177,0,Loyal Customers
AH-106902,31,9,1444,0,Loyal Customers
AH-106903,380,4,242,2,At-Risk
AH-106904,411,12,2735,3,Champions
AH-1201,600,3,283,1,At-Risk
AH-1202,22,1,2,2,At-Risk
AH-1951,1052,2,58,1,At-Risk
AH-1952,1241,1,88,1,At-Risk
AH-1953,279,6,1338,0,Loyal Customers
AH-2101,881,2,2521,1,At-Risk
AH-2102,458,2,182,1,At-Risk
AH-301,469,4,4559,3,Champions
AH-302,577,3,1072,1,At-Risk
AH-4651,242,2,104,2,At-Risk
AH-4652,799,2,112,1,At-Risk
AH-5851,219,2,61,2,At-Risk
AH-5852,76,7,1019,0,Loyal Customers
AH-6901,59,3,69,2,At-Risk
AH-6902,601,2,831,1,At-Risk
AH-751,38,6,484,2,At-Risk
AH-752,269,1,137,2,At-Risk
AH-753,567,1,30,1,At-Risk
AI-108551,309,4,1437,2,At-Risk
AI-108552,86,7,919,0,Loyal Customers
AI-108553,209,1,14,2,At-Risk
AI-108554,14,10,2613,0,Loyal Customers
AI-8551,561,1,30,1,At-Risk
AI-8552,204,3,410,2,At-Risk
AJ-107801,125,5,5785,3,Champions
AJ-107802,49,7,920,0,Loyal Customers
AJ-107803,62,6,391,2,At-Risk
AJ-107804,76,7,3525,3,Champions
AJ-107951,63,6,809,0,Loyal Customers
AJ-107952,154,6,547,2,At-Risk
AJ-107953,190,3,271,2,At-Risk
AJ-107954,167,7,775,0,Loyal Customers
AJ-109451,92,9,1688,0,Loyal Customers
AJ-109452,416,7,3148,3,Champions
AJ-109453,29,6,3421,3,Champions
AJ-109454,86,7,1468,0,Loyal Customers
AJ-109601,49,4,1552,2,At-Risk
AJ-109602,208,6,1076,0,Loyal Customers
AJ-109603,52,4,358,2,At-Risk
AJ-109604,75,3,145,2,At-Risk
AJ-7801,212,7,899,0,Loyal Customers
AJ-7802,574,1,19,1,At-Risk
AJ-7803,2,4,848,2,At-Risk
AJ-7951,37,5,378,2,At-Risk
AJ-7952,122,5,256,2,At-Risk
AJ-9451,105,5,451,2,At-Risk
AJ-9452,341,2,987,2,At-Risk
AJ-9601,412,6,330,2,At-Risk
AJ-9602,295,4,518,2,At-Risk
AM-103601,16,8,2606,0,Loyal Customers
AM-103602,22,11,2751,0,Loyal Customers
AM-103603,97,9,2230,0,Loyal Customers
AM-103604,29,5,355,2,At-Risk
AM-107051,323,10,5176,3,Champions
AM-107052,26,7,850,0,Loyal Customers
AM-107053,139,5,440,2,At-Risk
AM-107054,163,8,1495,0,Loyal Customers
AM-3601,191,4,289,2,At-Risk
AM-3602,176,2,1024,2,At-Risk
AM-7051,137,4,489,2,At-Risk
AM-7052,378,1,24,2,At-Risk
AM-7053,892,1,20,1,At-Risk
AO-108101,37,12,4027,3,Champions
AO-108102,189,10,3068,3,Champions
AO-108103,122,4,544,2,At-Risk
AO-108104,502,1,161,1,At-Risk
AO-8101,8,1,16,2,At-Risk
AO-8102,342,1,22,2,At-Risk
AO-8103,126,3,76,2,At-Risk
AP-107201,45,7,4030,3,Champions
AP-107202,47,2,1763,2,At-Risk
AP-107203,180,3,716,2,At-Risk
AP-107204,42,8,205,0,Loyal Customers
AP-109151,77,9,2925,3,Champions
AP-109152,132,6,1339,0,Loyal Customers
AP-109153,318,7,1524,0,Loyal Customers
AP-109154,99,10,361,0,Loyal Customers
AP-7201,38,4,297,2,At-Risk
AP-7202,128,2,130,2,At-Risk
AP-9151,464,3,198,2,At-Risk
AP-9152,93,2,386,2,At-Risk
AR-103451,103,9,2273,0,Loyal Customers
AR-103452,30,9,4305,3,Champions
AR-103453,316,4,1348,2,At-Risk
AR-103454,112,4,804,2,At-Risk
AR-104051,55,6,1861,0,Loyal Customers
AR-104052,112,7,1785,0,Loyal Customers
AR-104053,145,4,250,2,At-Risk
AR-104054,126,5,1989,0,Loyal Customers
AR-105101,238,11,1219,0,Loyal Customers
AR-105102,63,7,1968,0,Loyal Customers
AR-105103,77,6,436,2,At-Risk
AR-105104,15,5,240,2,At-Risk
AR-105401,649,4,587,1,At-Risk
AR-105402,122,2,64,2,At-Risk
AR-105403,416,3,124,2,At-Risk
AR-105404,7,6,5610,3,Champions
AR-105701,3,7,1854,0,Loyal Customers
AR-105702,105,4,1725,2,At-Risk
AR-105703,3,6,876,0,Loyal Customers
AR-105704,535,1,36,1,At-Risk
AR-108251,379,4,411,2,At-Risk
AR-108252,80,15,3760,3,Champions
AR-108253,23,11,1612,0,Loyal Customers
AR-108254,59,8,1931,0,Loyal Customers
AR-3451,696,3,290,1,At-Risk
AR-3452,142,6,784,0,Loyal Customers
AR-4051,377,2,144,2,At-Risk
AR-4052,223,4,410,2,At-Risk
AR-5101,241,2,371,2,At-Risk
AR-5102,105,8,1358,0,Loyal Customers
AR-5401,222,4,205,2,At-Risk
AR-5402,398,4,208,2,At-Risk
AR-5701,295,3,219,2,At-Risk
AR-5702,71,6,829,0,Loyal Customers
AR-8251,34,3,163,2,At-Risk
AR-8252,75,4,201,2,At-Risk
AS-100451,77,5,2056,0,Loyal Customers
AS-100452,24,13,1515,0,Loyal Customers
AS-100453,220,3,285,2,At-Risk
AS-100454,89,7,2970,0,Loyal Customers
AS-100901,54,5,996,2,At-Risk
AS-100902,16,8,2720,0,Loyal Customers
AS-100903,192,10,2284,0,Loyal Customers
AS-100904,29,9,471,0,Loyal Customers
AS-101351,117,11,2058,0,Loyal Customers
AS-101352,628,3,1112,1,At-Risk
AS-101353,236,3,346,2,At-Risk
AS-101354,42,2,17,2,At-Risk
AS-102251,72,10,4463,3,Champions
AS-102252,13,6,1038,0,Loyal Customers
AS-102253,106,7,584,0,Loyal Customers
AS-102254,23,5,552,2,At-Risk
AS-102401,22,7,1694,0,Loyal Customers
AS-102402,44,9,1117,0,Loyal Customers
AS-102403,13,8,1617,0,Loyal Customers
AS-102404,193,7,203,0,Loyal Customers
AS-102851,139,9,1565,0,Loyal Customers
AS-102852,20,7,3093,3,Champions
AS-102853,19,8,508,0,Loyal Customers
AS-102854,20,6,3082,0,Loyal Customers
AS-106301,381,6,741,2,At-Risk
AS-106302,36,5,1224,2,At-Risk
AS-106303,629,1,80,1,At-Risk
AS-106304,93,7,652,0,Loyal Customers
AS-1351,967,1,187,1,At-Risk
AS-1352,93,4,2082,2,At-Risk
AS-2251,3,3,117,2,At-Risk
AS-2252,385,1,28,2,At-Risk
AS-2253,671,3,189,1,At-Risk
AS-2401,1198,1,5,1,At-Risk
AS-2402,499,4,1558,2,At-Risk
AS-2851,223,7,712,0,Loyal Customers
AS-2852,100,6,2838,0,Loyal Customers
AS-451,777,2,423,1,At-Risk
AS-452,234,1,87,2,At-Risk
AS-6301,561,8,990,0,Loyal Customers
AS-6302,34,3,71,2,At-Risk
AS-901,22,4,118,2,At-Risk
AT-104351,127,6,378,2,At-Risk
AT-104352,13,4,6303,3,Champions
AT-104353,17,8,2949,0,Loyal Customers
AT-104354,22,6,53,2,At-Risk
AT-107351,78,4,1905,2,At-Risk
AT-107352,3,8,1067,0,Loyal Customers
AT-107353,37,7,1676,0,Loyal Customers
AT-107354,14,10,3344,3,Champions
AT-4351,213,4,399,2,At-Risk
AT-4352,29,8,389,0,Loyal Customers
AT-7351,1057,1,10,1,At-Risk
AT-7352,70,4,364,2,At-Risk
AW-108401,119,7,1604,0,Loyal Customers
AW-108402,17,5,848,2,At-Risk
AW-108403,428,9,540,0,Loyal Customers
AW-108404,21,4,342,2,At-Risk
AW-109301,59,5,274,2,At-Risk
AW-109302,36,5,2591,0,Loyal Customers
AW-109303,56,5,1588,0,Loyal Customers
AW-109304,47,7,1303,0,Loyal Customers
AW-8401,57,7,418,0,Loyal Customers
AW-9301,171,4,268,2,At-Risk
AW-9302,38,2,13,2,At-Risk
AY-105551,211,5,470,2,At-Risk
AY-105552,150,3,2351,2,At-Risk
AY-105553,640,4,512,1,At-Risk
AY-105554,15,4,149,2,At-Risk
AY-5551,249,5,442,2,At-Risk
AY-5552,36,6,1476,0,Loyal Customers
AZ-107501,71,4,742,2,At-Risk
AZ-107502,112,4,544,2,At-Risk
AZ-107503,227,4,300,2,At-Risk
AZ-107504,161,6,609,2,At-Risk
AZ-7501,27,5,472,2,At-Risk
AZ-7502,816,1,96,1,At-Risk
AZ-7503,149,4,276,2,At-Risk
BB-109901,97,11,3725,3,Champions
BB-109902,15,5,627,2,At-Risk
BB-109903,52,9,1291,0,Loyal Customers
BB-109904,106,5,358,2,At-Risk
BB-115451,44,4,232,2,At-Risk
BB-115452,34,7,1402,0,Loyal Customers
BB-115453,41,6,270,2,At-Risk
BB-115454,29,9,1717,0,Loyal Customers
BB-15451,157,3,125,2,At-Risk
BB-15452,50,2,77,2,At-Risk
BB-9901,51,3,117,2,At-Risk
BB-9902,79,4,315,2,At-Risk
BC-111251,969,2,71,1,At-Risk
BC-111252,42,12,2325,0,Loyal Customers
BC-111253,34,5,660,2,At-Risk
BC-111254,203,9,1650,0,Loyal Customers
BC-11251,30,3,34,2,At-Risk
BC-11252,132,3,140,2,At-Risk
BD-113201,112,5,486,2,At-Risk
BD-113202,206,8,1909,0,Loyal Customers
BD-113203,6,7,1238,0,Loyal Customers
BD-113204,34,12,4963,3,Champions
BD-115001,89,6,3761,3,Champions
BD-115002,20,8,2422,0,Loyal Customers
BD-115003,126,7,1095,0,Loyal Customers
BD-115004,36,6,770,0,Loyal Customers
BD-115601,45,4,852,2,At-Risk
BD-115602,76,7,5005,3,Champions
BD-115603,8,6,864,0,Loyal Customers
BD-115604,279,2,164,2,At-Risk
BD-116051,267,6,3038,0,Loyal Customers
BD-116052,790,3,266,1,At-Risk
BD-116053,992,3,403,1,At-Risk
BD-116054,98,7,722,0,Loyal Customers
BD-116201,138,9,2144,0,Loyal Customers
BD-116202,56,7,1162,0,Loyal Customers
BD-116203,50,3,306,2,At-Risk
BD-116204,70,6,1284,0,Loyal Customers
BD-116351,241,7,2666,0,Loyal Customers
BD-116352,13,10,1445,0,Loyal Customers
BD-116353,164,5,508,2,At-Risk
BD-116354,10,3,186,2,At-Risk
BD-117251,177,8,2519,0,Loyal Customers
BD-117252,190,6,736,2,At-Risk
BD-117253,5,10,2632,0,Loyal Customers
BD-117254,94,6,1082,0,Loyal Customers
BD-117701,76,5,826,2,At-Risk
BD-117702,198,7,2240,0,Loyal Customers
BD-117703,36,8,583,0,Loyal Customers
BD-117704,328,6,462,2,At-Risk
BD-13201,290,1,57,2,At-Risk
BD-13202,6,5,197,2,At-Risk
BD-15001,399,3,52,2,At-Risk
BD-15601,188,2,137,2,At-Risk
BD-15602,91,3,1408,2,At-Risk
BD-16051,276,3,208,2,At-Risk
BD-16052,353,2,24,2,At-Risk
BD-16201,217,4,306,2,At-Risk
BD-16202,118,7,368,0,Loyal Customers
BD-16351,465,4,182,2,At-Risk
BD-16352,325,5,4280,3,Champions
BD-17251,101,4,1979,2,At-Risk
BD-17252,149,9,1077,0,Loyal Customers
BD-17701,454,3,121,2,At-Risk
BD-17702,239,2,1148,2,At-Risk
BE-113351,36,9,2606,0,Loyal Customers
BE-113352,91,12,4837,3,Champions
BE-113353,80,11,1542,0,Loyal Customers
BE-113354,120,5,767,2,At-Risk
BE-114101,121,10,3415,3,Champions
BE-114102,85,7,962,0,Loyal Customers
BE-114103,191,8,836,0,Loyal Customers
BE-114104,99,5,2262,0,Loyal Customers
BE-114551,28,9,4553,3,Champions
BE-114552,4,7,757,0,Loyal Customers
BE-114553,185,5,442,2,At-Risk
BE-114554,255,6,373,2,At-Risk
BE-13351,868,2,136,1,At-Risk
BE-13352,573,3,615,1,At-Risk
BE-14101,22,3,694,2,At-Risk
BE-14102,65,4,141,2,At-Risk
BE-14551,147,1,167,2,At-Risk
BE-14552,547,1,301,1,At-Risk
BF-10051,1347,1,181,1,At-Risk
BF-10052,735,1,4,1,At-Risk
BF-10201,160,5,829,2,At-Risk
BF-10202,97,2,666,2,At-Risk
BF-10801,674,3,913,1,At-Risk
BF-10802,916,1,526,1,At-Risk
BF-10803,210,2,58,2,At-Risk
BF-109751,36,9,944,0,Loyal Customers
BF-109752,120,2,833,2,At-Risk
BF-109753,531,4,1049,1,At-Risk
BF-109754,92,7,112,0,Loyal Customers
BF-110051,9,9,7409,3,Champions
BF-110052,55,7,2099,0,Loyal Customers
BF-110053,92,5,910,2,At-Risk
BF-110054,40,4,55,2,At-Risk
BF-110201,113,3,1704,2,At-Risk
BF-110202,16,8,1016,0,Loyal Customers
BF-110203,189,5,737,2,At-Risk
BF-110204,75,8,1953,0,Loyal Customers
BF-110801,56,9,2825,0,Loyal Customers
BF-110802,335,4,1826,2,At-Risk
BF-110803,159,5,1504,2,At-Risk
BF-110804,26,3,117,2,At-Risk
BF-111701,58,4,1204,2,At-Risk
BF-111702,59,8,998,0,Loyal Customers
BF-111703,20,8,1562,0,Loyal Customers
BF-111704,17,11,2209,0,Loyal Customers
BF-112151,134,10,1414,0,Loyal Customers
BF-112152,27,7,2427,0,Loyal Customers
BF-112153,483,6,592,2,At-Risk
BF-112154,66,4,1094,2,At-Risk
BF-112751,737,1,27,1,At-Risk
BF-112752,7,10,2545,0,Loyal Customers
BF-112753,7,9,2698,0,Loyal Customers
BF-112754,58,3,717,2,At-Risk
BF-11701,551,2,72,1,At-Risk
BF-11702,194,4,594,2,At-Risk
BF-12151,118,5,241,2,At-Risk
BF-12751,1119,1,24,1,At-Risk
BF-12752,129,6,806,0,Loyal Customers
BF-9751,287,5,532,2,At-Risk
BF-9752,23,3,336,2,At-Risk
BG-10351,601,1,124,1,At-Risk
BG-110351,117,9,2960,3,Champions
BG-110352,30,6,3791,3,Champions
BG-110353,136,10,720,0,Loyal Customers
BG-110354,29,8,2279,0,Loyal Customers
BG-116951,69,6,878,0,Loyal Customers
BG-116952,384,1,588,2,At-Risk
BG-116953,10,6,723,0,Loyal Customers
BG-116954,37,6,1800,0,Loyal Customers
BG-117401,85,6,3919,3,Champions
BG-117402,7,7,826,0,Loyal Customers
BG-117403,119,5,2770,0,Loyal Customers
BG-117404,58,6,666,0,Loyal Customers
BG-16951,45,4,111,2,At-Risk
BG-16952,481,1,48,1,At-Risk
BG-17401,17,2,101,2,At-Risk
BG-17402,44,2,28,2,At-Risk
BH-117101,29,4,2220,2,At-Risk
BH-117102,52,6,6521,3,Champions
BH-117103,52,13,3308,3,Champions
BH-117104,24,8,1652,0,Loyal Customers
BH-17101,274,3,562,2,At-Risk
BH-17102,94,7,165,0,Loyal Customers
BK-112601,29,7,4909,3,Champions
BK-112602,27,8,1230,0,Loyal Customers
BK-112603,108,6,603,2,At-Risk
BK-112604,78,6,203,2,At-Risk
BK-12601,125,1,125,2,At-Risk
BK-12602,41,5,78,2,At-Risk
BM-111401,143,7,1798,0,Loyal Customers
BM-111402,12,6,520,0,Loyal Customers
BM-111403,9,12,2418,0,Loyal Customers
BM-111404,308,4,2346,2,At-Risk
BM-11401,371,2,86,2,At-Risk
BM-11402,14,4,293,2,At-Risk
BM-115751,45,9,3188,3,Champions
BM-115752,94,4,527,2,At-Risk
BM-115753,35,6,299,2,At-Risk
BM-115754,101,6,428,2,At-Risk
BM-116501,157,3,586,2,At-Risk
BM-116502,155,7,635,0,Loyal Customers
BM-116503,199,3,486,2,At-Risk
BM-116504,34,11,1799,0,Loyal Customers
BM-117851,41,14,4132,3,Champions
BM-117852,3,7,3541,3,Champions
BM-117853,37,5,948,2,At-Risk
BM-117854,219,10,1220,0,Loyal Customers
BM-15751,41,5,1236,2,At-Risk
BM-15752,198,4,263,2,At-Risk
BM-16501,1190,2,64,1,At-Risk
BM-16502,1154,1,17,1,At-Risk
BM-16503,482,5,770,2,At-Risk
BM-17851,85,7,1059,0,Loyal Customers
BM-17852,49,2,149,2,At-Risk
BN-114701,181,10,4599,3,Champions
BN-114702,36,6,2613,0,Loyal Customers
BN-114703,12,9,3052,3,Champions
BN-114704,25,4,241,2,At-Risk
BN-115151,76,4,453,2,At-Risk
BN-115152,21,5,1180,2,At-Risk
BN-115153,433,9,1166,0,Loyal Customers
BN-115154,10,5,488,2,At-Risk
BN-14701,23,3,237,2,At-Risk
BN-14702,52,4,1476,2,At-Risk
BN-15151,100,4,773,2,At-Risk
BN-15152,28,4,777,2,At-Risk
BO-113501,140,8,1770,0,Loyal Customers
BO-113502,112,4,815,2,At-Risk
BO-113503,1115,3,225,1,At-Risk
BO-113504,138,5,688,2,At-Risk
BO-114251,6,7,1060,0,Loyal Customers
BO-114252,175,8,1560,0,Loyal Customers
BO-114253,98,4,3235,0,Loyal Customers
BO-114254,76,2,131,2,At-Risk
BO-13501,22,3,369,2,At-Risk
BO-13502,329,3,87,2,At-Risk
BO-14251,2,4,1506,2,At-Risk
BO-14252,376,4,316,2,At-Risk
BP-10501,121,4,459,2,At-Risk
BP-10502,12,5,131,2,At-Risk
BP-10951,218,3,160,2,At-Risk
BP-10952,12,3,249,2,At-Risk
BP-110501,364,3,448,2,At-Risk
BP-110502,6,7,1195,0,Loyal Customers
BP-110503,42,6,808,0,Loyal Customers
BP-110504,84,5,644,2,At-Risk
BP-110951,54,4,427,2,At-Risk
BP-110952,3,8,1293,0,Loyal Customers
BP-110953,331,8,1484,0,Loyal Customers
BP-110954,18,12,1107,0,Loyal Customers
BP-111551,33,6,645,0,Loyal Customers
BP-111552,50,7,482,0,Loyal Customers
BP-111553,43,5,1477,0,Loyal Customers
BP-111554,90,6,241,2,At-Risk
BP-111851,37,5,3753,3,Champions
BP-111852,14,7,1573,0,Loyal Customers
BP-111853,447,7,1600,0,Loyal Customers
BP-111854,2,9,2082,0,Loyal Customers
BP-112301,73,7,1403,0,Loyal Customers
BP-112302,150,5,2611,0,Loyal Customers
BP-112303,114,6,1136,0,Loyal Customers
BP-112304,40,5,1175,2,At-Risk
BP-112901,101,8,1802,0,Loyal Customers
BP-112902,14,5,457,2,At-Risk
BP-112903,258,9,2168,0,Loyal Customers
BP-112904,13,7,1803,0,Loyal Customers
BP-11551,420,1,61,2,At-Risk
BP-11552,975,1,116,1,At-Risk
BP-11553,262,4,551,2,At-Risk
BP-11851,5,4,481,2,At-Risk
BP-11852,6,6,684,0,Loyal Customers
BP-12301,390,4,2915,2,At-Risk
BP-12302,84,4,369,2,At-Risk
BP-12901,370,1,65,2,At-Risk
BP-12902,752,3,218,1,At-Risk
BS-113651,1,4,349,2,At-Risk
BS-113652,120,5,510,2,At-Risk
BS-113653,26,12,1755,0,Loyal Customers
BS-113654,559,5,1373,1,At-Risk
BS-113801,115,6,3396,3,Champions
BS-113802,94,4,619,2,At-Risk
BS-113803,273,8,1059,0,Loyal Customers
BS-113804,29,5,1988,0,Loyal Customers
BS-115901,83,7,1324,0,Loyal Customers
BS-115902,372,6,355,2,At-Risk
BS-115903,428,4,836,2,At-Risk
BS-115904,36,6,1939,0,Loyal Customers
BS-116651,120,4,435,2,At-Risk
BS-116652,30,9,1815,0,Loyal Customers
BS-116653,37,8,1257,0,Loyal Customers
BS-116654,583,3,143,1,At-Risk
BS-117551,283,7,2791,0,Loyal Customers
BS-117552,7,6,2069,0,Loyal Customers
BS-117553,19,9,1811,0,Loyal Customers
BS-117554,2,7,1352,0,Loyal Customers
BS-118001,220,5,4395,3,Champions
BS-118002,135,6,833,0,Loyal Customers
BS-118003,10,8,1219,0,Loyal Customers
BS-118004,266,2,133,2,At-Risk
BS-13651,604,3,564,1,At-Risk
BS-13652,38,2,101,2,At-Risk
BS-13801,132,3,128,2,At-Risk
BS-13802,428,2,310,2,At-Risk
BS-15901,618,2,35,1,At-Risk
BS-15902,238,3,650,2,At-Risk
BS-16651,510,3,618,1,At-Risk
BS-16652,153,4,146,2,At-Risk
BS-17551,296,4,748,2,At-Risk
BS-17552,818,1,3,1,At-Risk
BS-18001,12,5,1342,2,At-Risk
BS-18002,391,4,820,2,At-Risk
BT-113051,254,3,1181,2,At-Risk
BT-113052,29,8,681,0,Loyal Customers
BT-113053,94,8,805,0,Loyal Customers
BT-113054,337,5,734,2,At-Risk
BT-113951,86,8,2905,0,Loyal Customers
BT-113952,29,8,867,0,Loyal Customers
BT-113953,295,2,337,2,At-Risk
BT-113954,303,6,768,2,At-Risk
BT-114401,52,5,2824,0,Loyal Customers
BT-114402,318,6,1583,0,Loyal Customers
BT-114403,367,6,2316,0,Loyal Customers
BT-114404,561,4,180,1,At-Risk
BT-114851,79,8,1191,0,Loyal Customers
BT-114852,161,9,1007,0,Loyal Customers
BT-114853,31,10,924,0,Loyal Customers
BT-114854,660,2,386,1,At-Risk
BT-115301,58,6,6758,3,Champions
BT-115302,44,7,1326,0,Loyal Customers
BT-115303,34,7,1544,0,Loyal Customers
BT-115304,92,5,742,2,At-Risk
BT-116801,19,10,1290,0,Loyal Customers
BT-116802,1035,2,696,1,At-Risk
BT-116803,117,3,389,2,At-Risk
BT-116804,21,7,1307,0,Loyal Customers
BT-13051,32,6,689,0,Loyal Customers
BT-13052,566,4,381,1,At-Risk
BT-13951,34,3,145,2,At-Risk
BT-13952,191,1,244,2,At-Risk
BT-14401,122,4,149,2,At-Risk
BT-14402,94,6,713,0,Loyal Customers
BT-14851,458,3,145,2,At-Risk
BT-14852,98,6,2363,0,Loyal Customers
BT-15301,461,2,22,1,At-Risk
BT-15302,353,1,24,2,At-Risk
BT-15303,897,4,599,1,At-Risk
BT-16801,58,2,51,2,At-Risk
BT-16802,183,2,326,2,At-Risk
BV-112451,138,4,1718,2,At-Risk
BV-112452,45,10,3760,3,Champions
BV-112453,125,3,133,2,At-Risk
BV-112454,335,5,449,2,At-Risk
BV-12451,129,3,311,2,At-Risk
BW-10651,23,4,4792,3,Champions
BW-10652,188,1,70,2,At-Risk
BW-110651,51,5,1195,2,At-Risk
BW-110652,181,5,383,2,At-Risk
BW-110653,118,5,553,2,At-Risk
BW-110654,213,3,386,2,At-Risk
BW-11101,185,4,400,2,At-Risk
BW-11102,1286,1,17,1,At-Risk
BW-11103,258,5,1151,2,At-Risk
BW-111101,199,12,1354,0,Loyal Customers
BW-111102,55,10,8955,3,Champions
BW-111103,405,5,434,2,At-Risk
BW-111104,122,8,3474,3,Champions
BW-112001,41,9,1854,0,Loyal Customers
BW-112002,57,4,479,2,At-Risk
BW-112003,182,10,2658,0,Loyal Customers
BW-112004,204,6,461,2,At-Risk
BW-12001,134,3,384,2,At-Risk
BW-12002,385,1,109,2,At-Risk
CA-119651,100,7,3845,3,Champions
CA-119652,45,9,2551,0,Loyal Customers
CA-119653,19,4,1436,2,At-Risk
CA-119654,97,6,3188,3,Champions
CA-120551,14,5,1159,2,At-Risk
CA-120552,127,7,3230,3,Champions
CA-120553,94,5,463,2,At-Risk
CA-120554,402,5,938,2,At-Risk
CA-122651,35,9,2607,0,Loyal Customers
CA-122652,52,6,2035,0,Loyal Customers
CA-122653,184,7,757,0,Loyal Customers
CA-122654,57,9,2235,0,Loyal Customers
CA-123101,198,5,1068,2,At-Risk
CA-123102,15,7,1010,0,Loyal Customers
CA-123103,281,5,1407,2,At-Risk
CA-123104,14,4,573,2,At-Risk
CA-127751,568,5,6728,3,Champions
CA-127752,94,6,718,0,Loyal Customers
CA-127753,187,8,1135,0,Loyal Customers
CA-127754,121,7,2168,0,Loyal Customers
CA-19651,187,3,417,2,At-Risk
CA-19652,128,5,1610,0,Loyal Customers
CA-20551,990,1,558,1,At-Risk
CA-20552,259,2,96,2,At-Risk
CA-22651,134,1,321,2,At-Risk
CA-22652,106,6,1005,0,Loyal Customers
CA-23101,337,3,221,2,At-Risk
CA-23102,505,2,158,1,At-Risk
CA-27751,478,2,724,1,At-Risk
CA-27752,310,2,234,2,At-Risk
CB-120251,177,5,3393,3,Champions
CB-120252,98,5,538,2,At-Risk
CB-120253,10,5,478,2,At-Risk
CB-120254,48,10,2661,0,Loyal Customers
CB-124151,1127,1,102,1,At-Risk
CB-124152,461,6,3784,3,Champions
CB-124153,37,8,1466,0,Loyal Customers
CB-124154,27,8,1800,0,Loyal Customers
CB-125351,43,3,710,2,At-Risk
CB-125352,45,8,2327,0,Loyal Customers
CB-125353,90,8,885,0,Loyal Customers
CB-125354,198,8,563,0,Loyal Customers
CB-20251,23,5,358,2,At-Risk
CB-24151,1407,1,64,1,At-Risk
CB-24152,517,3,677,1,At-Risk
CB-25351,8,1,79,2,At-Risk
CB-25352,353,1,11,2,At-Risk
CC-121001,133,3,989,2,At-Risk
CC-121002,148,7,1363,0,Loyal Customers
CC-121003,52,9,2951,3,Champions
CC-121004,458,6,350,2,At-Risk
CC-121451,83,7,1225,0,Loyal Customers
CC-121452,252,7,3707,3,Champions
CC-121453,409,3,193,2,At-Risk
CC-121454,107,7,481,0,Loyal Customers
CC-122201,57,5,283,2,At-Risk
CC-122202,100,7,1418,0,Loyal Customers
CC-122203,668,8,467,1,At-Risk
CC-122204,21,12,2485,0,Loyal Customers
CC-123701,145,12,3373,3,Champions
CC-123702,80,9,5185,3,Champions
CC-123703,255,4,918,2,At-Risk
CC-123704,44,5,8714,3,Champions
CC-124301,48,9,2755,0,Loyal Customers
CC-124302,677,1,57,1,At-Risk
CC-124303,7,9,3377,3,Champions
CC-124304,1,10,806,0,Loyal Customers
CC-124751,196,9,2450,0,Loyal Customers
CC-124752,192,5,947,2,At-Risk
CC-124753,17,7,2157,0,Loyal Customers
CC-124754,40,9,1052,0,Loyal Customers
CC-125501,324,6,1273,0,Loyal Customers
CC-125502,194,8,393,0,Loyal Customers
CC-125503,147,8,936,0,Loyal Customers
CC-125504,28,3,103,2,At-Risk
CC-126101,17,11,1566,0,Loyal Customers
CC-126102,70,8,1463,0,Loyal Customers
CC-126103,89,3,703,2,At-Risk
CC-126104,35,7,569,0,Loyal Customers
CC-126701,28,9,3155,3,Champions
CC-126702,17,4,413,2,At-Risk
CC-126703,90,8,476,0,Loyal Customers
CC-126704,30,7,760,0,Loyal Customers
CC-126851,55,6,1881,0,Loyal Customers
CC-126852,266,7,1190,0,Loyal Customers
CC-126853,155,3,248,2,At-Risk
CC-126854,800,4,1168,1,At-Risk
CC-21001,61,2,513,2,At-Risk
CC-21002,146,3,73,2,At-Risk
CC-21451,777,3,468,1,At-Risk
CC-21452,505,3,223,1,At-Risk
CC-22201,111,3,123,2,At-Risk
CC-22202,486,5,624,2,At-Risk
CC-22203,22,4,105,2,At-Risk
CC-23701,7,3,1338,2,At-Risk
CC-23702,7,6,1415,0,Loyal Customers
CC-24301,853,1,119,1,At-Risk
CC-24302,472,1,9,1,At-Risk
CC-24751,346,4,2248,2,At-Risk
CC-24752,1339,1,101,1,At-Risk
CC-24753,56,2,35,2,At-Risk
CC-25501,272,3,68,2,At-Risk
CC-25502,1219,2,74,1,At-Risk
CC-26101,345,3,403,2,At-Risk
CC-26701,916,2,175,1,At-Risk
CC-26702,147,4,137,2,At-Risk
CC-26851,132,4,2724,0,Loyal Customers
CC-26852,507,1,44,1,At-Risk
CD-119201,44,5,2682,0,Loyal Customers
CD-119202,3,9,967,0,Loyal Customers
CD-119203,98,8,725,0,Loyal Customers
CD-119204,41,5,473,2,At-Risk
CD-119801,37,6,378,2,At-Risk
CD-119802,2,7,929,0,Loyal Customers
CD-119803,89,7,752,0,Loyal Customers
CD-119804,55,3,427,2,At-Risk
CD-122801,173,7,5580,3,Champions
CD-122802,42,6,1705,0,Loyal Customers
CD-122803,127,9,680,0,Loyal Customers
CD-122804,43,2,114,2,At-Risk
CD-127901,248,3,314,2,At-Risk
CD-127902,141,13,2965,3,Champions
CD-127903,77,4,211,2,At-Risk
CD-127904,400,5,913,2,At-Risk
CD-19201,315,2,174,2,At-Risk
CD-19202,393,2,62,2,At-Risk
CD-19801,7,3,503,2,At-Risk
CD-19802,256,2,156,2,At-Risk
CD-19803,332,2,188,2,At-Risk
CD-22801,13,4,282,2,At-Risk
CD-22802,61,3,202,2,At-Risk
CD-27901,134,4,467,2,At-Risk
CD-27902,132,3,48,2,At-Risk
CG-120401,22,7,1852,0,Loyal Customers
CG-120402,384,2,154,2,At-Risk
CG-120403,393,4,124,2,At-Risk
CG-120404,50,6,397,2,At-Risk
CG-125201,29,6,1084,0,Loyal Customers
CG-125202,51,6,635,0,Loyal Customers
CG-125203,54,3,99,2,At-Risk
CG-125204,339,3,411,2,At-Risk
CG-20401,499,2,36,1,At-Risk
CG-20402,379,3,203,2,At-Risk
CG-25201,120,4,171,2,At-Risk
CG-25202,216,3,900,2,At-Risk
CH-120701,132,5,2129,0,Loyal Customers
CH-120702,142,9,2013,0,Loyal Customers
CH-120703,90,4,653,2,At-Risk
CH-120704,692,3,1459,1,At-Risk
CH-20701,475,3,167,1,At-Risk
CH-20702,307,5,1442,2,At-Risk
CJ-118751,54,11,2974,3,Champions
CJ-118752,350,6,607,2,At-Risk
CJ-118753,14,5,969,2,At-Risk
CJ-118754,366,1,17,2,At-Risk
CJ-120101,323,4,1791,2,At-Risk
CJ-120102,34,6,1181,0,Loyal Customers
CJ-120103,40,8,565,0,Loyal Customers
CJ-120104,190,8,2315,0,Loyal Customers
CJ-18751,33,2,362,2,At-Risk
CJ-18752,115,4,779,2,At-Risk
CJ-20101,47,2,77,2,At-Risk
CJ-20102,898,1,109,1,At-Risk
CK-122051,79,11,3371,3,Champions
CK-122052,45,7,1926,0,Loyal Customers
CK-122053,5,7,360,0,Loyal Customers
CK-122054,40,13,1144,0,Loyal Customers
CK-123251,71,7,1849,0,Loyal Customers
CK-123252,96,6,1322,0,Loyal Customers
CK-123253,62,9,981,0,Loyal Customers
CK-123254,121,5,2150,0,Loyal Customers
CK-125951,129,7,1834,0,Loyal Customers
CK-125952,130,8,2226,0,Loyal Customers
CK-125953,44,7,1136,0,Loyal Customers
CK-125954,44,11,932,0,Loyal Customers
CK-127601,931,4,863,1,At-Risk
CK-127602,58,6,570,0,Loyal Customers
CK-127603,87,7,456,0,Loyal Customers
CK-127604,83,9,1350,0,Loyal Customers
CK-22051,80,1,3,2,At-Risk
CK-22052,94,4,313,2,At-Risk
CK-23251,1,4,181,2,At-Risk
CK-23252,197,4,1061,2,At-Risk
CK-25951,216,2,115,2,At-Risk
CK-25952,616,1,368,1,At-Risk
CK-27601,38,5,722,2,At-Risk
CK-27602,303,7,1254,0,Loyal Customers
CL-118901,128,7,6052,3,Champions
CL-118902,14,6,1343,0,Loyal Customers
CL-118903,45,14,6235,3,Champions
CL-118904,107,4,197,2,At-Risk
CL-125651,27,3,685,2,At-Risk
CL-125652,6,9,1743,0,Loyal Customers
CL-125653,125,6,667,2,At-Risk
CL-125654,285,12,4778,3,Champions
CL-127001,9,9,3102,3,Champions
CL-127002,41,8,1745,0,Loyal Customers
CL-127003,22,9,926,0,Loyal Customers
CL-127004,106,5,501,2,At-Risk
CL-18901,315,5,325,2,At-Risk
CL-18902,559,1,53,1,At-Risk
CL-18903,93,3,124,2,At-Risk
CL-25651,206,4,1321,2,At-Risk
CL-25652,43,2,18,2,At-Risk
CL-27001,142,2,235,2,At-Risk
CL-27002,192,2,39,2,At-Risk
CM-118151,78,4,934,2,At-Risk
CM-118152,41,7,4654,3,Champions
CM-118153,99,6,2488,0,Loyal Customers
CM-118154,132,6,786,0,Loyal Customers
CM-118301,36,7,1559,0,Loyal Customers
CM-118302,7,11,1681,0,Loyal Customers
CM-118303,72,6,579,2,At-Risk
CM-119351,126,6,3366,3,Champions
CM-119352,75,6,1704,0,Loyal Customers
CM-119353,37,4,837,2,At-Risk
CM-119354,709,2,486,1,At-Risk
CM-121151,120,7,6422,3,Champions
CM-121152,468,4,898,2,At-Risk
CM-121153,62,5,974,2,At-Risk
CM-121154,9,4,585,2,At-Risk
CM-121601,98,8,7623,3,Champions
CM-121602,268,7,1209,0,Loyal Customers
CM-121603,166,5,2792,0,Loyal Customers
CM-121604,27,6,2462,0,Loyal Customers
CM-121901,94,5,660,2,At-Risk
CM-121902,276,6,303,2,At-Risk
CM-121903,1,8,788,0,Loyal Customers
CM-121904,9,6,867,0,Loyal Customers
CM-122351,45,7,4107,3,Champions
CM-122352,43,6,711,0,Loyal Customers
CM-122353,403,4,674,2,At-Risk
CM-122354,386,5,1497,2,At-Risk
CM-123851,58,11,3090,3,Champions
CM-123852,367,4,842,2,At-Risk
CM-123853,154,6,2994,0,Loyal Customers
CM-123854,38,4,292,2,At-Risk
CM-124451,55,6,843,0,Loyal Customers
CM-124452,85,5,2048,0,Loyal Customers
CM-124453,16,11,1931,0,Loyal Customers
CM-124454,437,3,115,2,At-Risk
CM-126551,379,5,591,2,At-Risk
CM-126552,328,2,249,2,At-Risk
CM-126553,185,5,1757,0,Loyal Customers
CM-126554,28,6,2691,0,Loyal Customers
CM-127151,162,3,909,2,At-Risk
CM-127152,42,6,633,0,Loyal Customers
CM-127153,234,6,325,2,At-Risk
CM-127154,1036,4,1256,1,At-Risk
CM-18151,62,4,378,2,At-Risk
CM-18152,469,1,40,1,At-Risk
CM-18301,149,5,2705,0,Loyal Customers
CM-18302,114,8,526,0,Loyal Customers
CM-19351,49,4,160,2,At-Risk
CM-19352,647,3,247,1,At-Risk
CM-21151,21,2,29,2,At-Risk
CM-21152,311,1,396,2,At-Risk
CM-21601,50,4,1358,2,At-Risk
CM-21602,1233,1,48,1,At-Risk
CM-21901,153,3,1314,2,At-Risk
CM-21902,787,1,103,1,At-Risk
CM-22351,52,1,8,2,At-Risk
CM-22352,157,4,199,2,At-Risk
CM-23851,575,3,470,1,At-Risk
CM-23852,1120,1,27,1,At-Risk
CM-24451,1016,1,77,1,At-Risk
CM-24452,349,3,924,2,At-Risk
CM-26551,51,5,324,2,At-Risk
CM-26552,148,7,919,0,Loyal Customers
CM-27151,954,3,394,1,At-Risk
CM-27152,118,4,194,2,At-Risk
CP-120851,435,3,3819,3,Champions
CP-120852,70,5,567,2,At-Risk
CP-120853,177,7,831,0,Loyal Customers
CP-120854,83,8,870,0,Loyal Customers
CP-123401,131,7,1668,0,Loyal Customers
CP-123402,9,7,1462,0,Loyal Customers
CP-123403,30,8,1756,0,Loyal Customers
CP-123404,161,8,668,0,Loyal Customers
CP-20851,143,3,562,2,At-Risk
CP-20852,418,1,39,2,At-Risk
CP-20853,638,6,732,1,At-Risk
CP-23401,464,3,1880,2,At-Risk
CP-23402,1080,1,14,1,At-Risk
CR-125801,23,8,3234,3,Champions
CR-125802,155,5,2087,0,Loyal Customers
CR-125803,37,3,333,2,At-Risk
CR-125804,58,4,246,2,At-Risk
CR-126251,317,12,6317,3,Champions
CR-126252,197,6,378,2,At-Risk
CR-126253,44,7,1571,0,Loyal Customers
CR-126254,471,3,430,2,At-Risk
CR-127301,127,10,1841,0,Loyal Customers
CR-127302,23,3,1625,2,At-Risk
CR-127303,108,7,660,0,Loyal Customers
CR-127304,79,4,1352,2,At-Risk
CR-128201,76,4,625,2,At-Risk
CR-128202,61,8,1065,0,Loyal Customers
CR-128203,65,9,1656,0,Loyal Customers
CR-128204,86,3,447,2,At-Risk
CR-25801,35,3,114,2,At-Risk
CR-25802,282,2,154,2,At-Risk
CR-26251,201,5,403,2,At-Risk
CR-26252,307,1,48,2,At-Risk
CR-26253,140,3,105,2,At-Risk
CR-27301,6,6,399,2,At-Risk
CR-27302,248,5,163,2,At-Risk
CR-28201,56,4,448,2,At-Risk
CR-28202,199,4,479,2,At-Risk
CS-118451,16,11,8631,3,Champions
CS-118452,69,5,816,2,At-Risk
CS-118453,175,5,1472,2,At-Risk
CS-118454,92,5,1010,2,At-Risk
CS-118601,512,2,330,1,At-Risk
CS-118602,78,6,2343,0,Loyal Customers
CS-118603,394,7,672,0,Loyal Customers
CS-118604,163,6,535,2,At-Risk
CS-119501,122,6,2610,0,Loyal Customers
CS-119502,46,7,2578,0,Loyal Customers
CS-119503,573,7,1474,0,Loyal Customers
CS-119504,26,11,1998,0,Loyal Customers
CS-121301,12,9,4349,3,Champions
CS-121302,471,4,440,2,At-Risk
CS-121303,57,5,1064,2,At-Risk
CS-121304,490,4,325,2,At-Risk
CS-121751,61,17,6307,3,Champions
CS-121752,117,4,1532,2,At-Risk
CS-121753,119,3,285,2,At-Risk
CS-121754,233,5,301,2,At-Risk
CS-122501,55,5,1195,2,At-Risk
CS-122502,27,8,2474,0,Loyal Customers
CS-122503,101,5,1392,2,At-Risk
CS-122504,27,12,296,0,Loyal Customers
CS-123551,35,5,1342,2,At-Risk
CS-123552,128,4,523,2,At-Risk
CS-123553,30,11,1606,0,Loyal Customers
CS-123554,7,11,835,0,Loyal Customers
CS-124001,222,4,760,2,At-Risk
CS-124002,28,5,863,2,At-Risk
CS-124003,2,5,1364,0,Loyal Customers
CS-124004,3,9,2510,0,Loyal Customers
CS-124601,296,7,1961,0,Loyal Customers
CS-124602,7,7,1516,0,Loyal Customers
CS-124603,111,7,862,0,Loyal Customers
CS-124604,28,2,27,2,At-Risk
CS-124901,78,8,2491,0,Loyal Customers
CS-124902,3,8,1130,0,Loyal Customers
CS-124903,84,10,2609,0,Loyal Customers
CS-124904,425,4,707,2,At-Risk
CS-125051,197,3,1333,2,At-Risk
CS-125052,827,1,14,1,At-Risk
CS-125053,28,6,370,2,At-Risk
CS-125054,59,6,5161,3,Champions
CS-18451,25,3,160,2,At-Risk
CS-18452,405,5,691,2,At-Risk
CS-18601,590,4,759,1,At-Risk
CS-18602,51,5,163,2,At-Risk
CS-19501,136,2,533,2,At-Risk
CS-19502,237,2,80,2,At-Risk
CS-19503,500,1,22,1,At-Risk
CS-21301,306,2,164,2,At-Risk
CS-21302,1017,1,25,1,At-Risk
CS-21303,527,1,877,1,At-Risk
CS-21751,58,2,768,2,At-Risk
CS-21752,256,3,1648,2,At-Risk
CS-22501,1190,1,162,1,At-Risk
CS-22502,3,3,211,2,At-Risk
CS-23551,56,3,298,2,At-Risk
CS-23552,57,6,321,2,At-Risk
CS-24001,12,3,985,2,At-Risk
CS-24002,780,2,552,1,At-Risk
CS-24601,339,3,59,2,At-Risk
CS-24602,203,5,964,2,At-Risk
CS-24901,170,1,14,2,At-Risk
CS-24902,498,2,100,1,At-Risk
CS-25051,521,4,233,1,At-Risk
CS-25052,51,3,91,2,At-Risk
CT-119951,322,4,413,2,At-Risk
CT-119952,199,9,3236,3,Champions
CT-119953,29,6,1033,0,Loyal Customers
CT-119954,97,8,1159,0,Loyal Customers
CT-19951,784,2,160,1,At-Risk
CV-122951,40,5,2563,0,Loyal Customers
CV-122952,73,4,368,2,At-Risk
CV-122953,52,6,1514,0,Loyal Customers
CV-122954,255,5,482,2,At-Risk
CV-128051,5,5,1648,0,Loyal Customers
CV-128052,35,5,1210,2,At-Risk
CV-128053,939,1,84,1,At-Risk
CV-128054,6,9,669,0,Loyal Customers
CV-22951,111,4,246,2,At-Risk
CV-22952,86,5,400,2,At-Risk
CV-28051,418,3,397,2,At-Risk
CV-28052,258,4,1757,2,At-Risk
CW-119051,197,6,1848,0,Loyal Customers
CW-119052,9,8,1924,0,Loyal Customers
CW-119053,360,5,1412,2,At-Risk
CW-119054,23,6,1025,0,Loyal Customers
CW-19051,385,3,519,2,At-Risk
CW-19052,1241,1,57,1,At-Risk
CY-127451,70,8,2270,0,Loyal Customers
CY-127452,120,8,741,0,Loyal Customers
CY-127453,368,7,386,0,Loyal Customers
CY-127454,61,8,2812,0,Loyal Customers
CY-27451,493,3,205,1,At-Risk
CY-27452,1336,1,31,1,At-Risk
Co-126401,5,8,2726,0,Loyal Customers
Co-126402,20,6,1183,0,Loyal Customers
Co-126403,293,6,1704,0,Loyal Customers
Co-126404,550,5,708,1,At-Risk
Co-26401,1092,3,350,1,At-Risk
Co-26402,363,2,14,2,At-Risk
DA-134501,124,6,225,2,At-Risk
DA-134502,161,7,1287,0,Loyal Customers
DA-134503,14,8,4288,3,Champions
DA-134504,353,4,73,2,At-Risk
DA-34501,951,2,57,1,At-Risk
DA-34502,15,2,953,2,At-Risk
DB-129101,131,4,1034,2,At-Risk
DB-129102,147,5,3350,3,Champions
DB-129103,3,10,2234,0,Loyal Customers
DB-129104,22,8,478,0,Loyal Customers
DB-129701,218,2,465,2,At-Risk
DB-129702,808,4,5520,3,Champions
DB-129703,242,5,1958,0,Loyal Customers
DB-130601,17,7,8135,3,Champions
DB-130602,442,8,2887,0,Loyal Customers
DB-130603,48,4,481,2,At-Risk
DB-130604,17,7,2458,0,Loyal Customers
DB-131201,918,3,304,1,At-Risk
DB-131202,6,4,1007,2,At-Risk
DB-131203,29,2,312,2,At-Risk
DB-131204,49,7,2447,0,Loyal Customers
DB-132101,17,7,778,0,Loyal Customers
DB-132102,8,5,1381,0,Loyal Customers
DB-132103,22,5,1656,0,Loyal Customers
DB-132104,10,10,1422,0,Loyal Customers
DB-132701,34,8,806,0,Loyal Customers
DB-132702,10,6,1525,0,Loyal Customers
DB-132703,1122,3,118,1,At-Risk
DB-132704,54,8,3101,3,Champions
DB-133601,48,8,1456,0,Loyal Customers
DB-133602,239,8,1039,0,Loyal Customers
DB-133603,68,7,862,0,Loyal Customers
DB-133604,265,5,981,2,At-Risk
DB-134051,29,8,1680,0,Loyal Customers
DB-134052,483,7,1362,0,Loyal Customers
DB-134053,108,7,1441,0,Loyal Customers
DB-134054,188,4,734,2,At-Risk
DB-135551,41,8,1659,0,Loyal Customers
DB-135552,73,2,417,2,At-Risk
DB-135553,37,5,459,2,At-Risk
DB-135554,108,7,2474,0,Loyal Customers
DB-136151,28,5,1617,0,Loyal Customers
DB-136152,578,9,1807,0,Loyal Customers
DB-136153,118,7,961,0,Loyal Customers
DB-136154,34,7,1927,0,Loyal Customers
DB-136601,31,6,3477,3,Champions
DB-136602,402,4,455,2,At-Risk
DB-136603,282,3,1224,2,At-Risk
DB-136604,13,7,480,0,Loyal Customers
DB-29101,334,2,297,2,At-Risk
DB-29102,499,2,592,1,At-Risk
DB-29103,55,4,271,2,At-Risk
DB-29701,219,1,31,2,At-Risk
DB-29702,58,3,134,2,At-Risk
DB-30601,247,3,251,2,At-Risk
DB-30602,9,5,368,2,At-Risk
DB-31201,673,2,163,1,At-Risk
DB-31202,359,2,465,2,At-Risk
DB-32101,629,6,161,1,At-Risk
DB-32102,583,1,17,1,At-Risk
DB-32701,532,1,45,1,At-Risk
DB-32702,49,1,9,2,At-Risk
DB-33601,435,2,449,2,At-Risk
DB-34051,558,2,548,1,At-Risk
DB-35551,6,1,113,2,At-Risk
DB-35552,42,2,840,2,At-Risk
DB-36151,108,3,490,2,At-Risk
DB-36152,126,1,86,2,At-Risk
DB-36601,238,1,167,2,At-Risk
DB-36602,812,2,1416,1,At-Risk
DC-128501,98,7,1094,0,Loyal Customers
DC-128502,72,3,692,2,At-Risk
DC-128503,42,10,1109,0,Loyal Customers
DC-128504,38,9,2279,0,Loyal Customers
DC-132851,451,2,440,2,At-Risk
DC-132852,120,5,1500,2,At-Risk
DC-132853,19,11,3398,3,Champions
DC-132854,24,5,607,2,At-Risk
DC-28501,316,4,139,2,At-Risk
DC-28502,35,2,80,2,At-Risk
DC-28503,201,3,96,2,At-Risk
DC-32851,738,2,287,1,At-Risk
DC-32852,393,2,227,2,At-Risk
DD-135701,111,2,493,2,At-Risk
DD-135702,145,10,2131,0,Loyal Customers
DD-135703,78,6,491,2,At-Risk
DD-135704,42,6,95,2,At-Risk
DD-35701,64,5,916,2,At-Risk
DD-35702,141,3,109,2,At-Risk
DE-132551,20,5,1230,2,At-Risk
DE-132552,29,4,1269,2,At-Risk
DE-132553,131,8,556,0,Loyal Customers
DE-132554,720,5,117,1,At-Risk
DE-32551,521,2,97,1,At-Risk
DE-32552,49,6,2352,0,Loyal Customers
DF-131351,10,8,1785,0,Loyal Customers
DF-131352,47,4,2469,0,Loyal Customers
DF-131353,416,3,329,2,At-Risk
DF-131354,701,3,853,1,At-Risk
DF-31351,44,2,752,2,At-Risk
DF-31352,926,2,47,1,At-Risk
DG-133001,108,10,3009,3,Champions
DG-133002,128,6,591,2,At-Risk
DG-133003,31,7,1608,0,Loyal Customers
DG-133004,33,5,925,2,At-Risk
DG-33001,379,5,2781,0,Loyal Customers
DG-33002,15,1,33,2,At-Risk
DH-130751,76,5,1228,2,At-Risk
DH-130752,112,5,845,2,At-Risk
DH-130753,93,9,2208,0,Loyal Customers
DH-130754,278,6,1043,0,Loyal Customers
DH-136751,93,3,600,2,At-Risk
DH-136752,22,3,2456,2,At-Risk
DH-136753,24,7,822,0,Loyal Customers
DH-136754,777,4,377,1,At-Risk
DH-30751,160,6,604,2,At-Risk
DH-30752,490,4,268,2,At-Risk
DH-36751,120,6,1619,0,Loyal Customers
DH-36752,933,1,30,1,At-Risk
DH-36753,21,5,402,2,At-Risk
DJ-134201,51,7,3537,3,Champions
DJ-134202,23,11,5092,3,Champions
DJ-134203,433,6,3343,3,Champions
DJ-134204,638,4,1972,1,At-Risk
DJ-135101,7,6,1160,0,Loyal Customers
DJ-135102,167,7,2332,0,Loyal Customers
DJ-135103,85,10,947,0,Loyal Customers
DJ-135104,49,8,1925,0,Loyal Customers
DJ-136301,66,11,2022,0,Loyal Customers
DJ-136302,420,9,2284,0,Loyal Customers
DJ-136303,325,4,1962,2,At-Risk
DJ-136304,13,3,2094,2,At-Risk
DJ-34201,115,3,241,2,At-Risk
DJ-34202,2,1,158,2,At-Risk
DJ-35101,119,3,2406,2,At-Risk
DJ-35102,583,1,194,1,At-Risk
DJ-35103,7,3,3358,3,Champions
DJ-36301,254,2,245,2,At-Risk
DJ-36302,35,4,1044,2,At-Risk
DK-128351,58,7,2058,0,Loyal Customers
DK-128352,178,5,767,2,At-Risk
DK-128353,58,8,4205,3,Champions
DK-128354,22,12,1656,0,Loyal Customers
DK-128951,55,5,858,2,At-Risk
DK-128952,58,5,2002,0,Loyal Customers
DK-128953,273,7,1726,0,Loyal Customers
DK-128954,46,5,561,2,At-Risk
DK-129851,2,12,4575,3,Champions
DK-129852,38,9,1153,0,Loyal Customers
DK-129853,98,9,3734,3,Champions
DK-129854,8,5,1173,2,At-Risk
DK-130901,9,18,5487,3,Champions
DK-130902,25,6,4594,3,Champions
DK-130903,76,5,844,2,At-Risk
DK-130904,43,7,1059,0,Loyal Customers
DK-131501,72,8,3146,3,Champions
DK-131502,168,6,5423,3,Champions
DK-131503,422,6,1334,0,Loyal Customers
DK-131504,11,2,59,2,At-Risk
DK-132251,2,8,587,0,Loyal Customers
DK-132252,27,6,1210,0,Loyal Customers
DK-132253,84,6,1338,0,Loyal Customers
DK-132254,11,9,2997,3,Champions
DK-133751,86,6,1239,0,Loyal Customers
DK-133752,55,5,1912,0,Loyal Customers
DK-133753,5,7,700,0,Loyal Customers
DK-133754,20,8,822,0,Loyal Customers
DK-28351,108,3,1688,2,At-Risk
DK-28352,22,8,708,0,Loyal Customers
DK-28951,147,2,109,2,At-Risk
DK-28952,160,4,358,2,At-Risk
DK-29851,1207,1,81,1,At-Risk
DK-30901,69,2,67,2,At-Risk
DK-30902,168,1,207,2,At-Risk
DK-31501,58,4,333,2,At-Risk
DK-31502,213,10,695,0,Loyal Customers
DK-32251,66,5,442,2,At-Risk
DK-32252,251,3,381,2,At-Risk
DK-33751,118,4,233,2,At-Risk
DK-33752,1395,1,60,1,At-Risk
DK-33753,307,5,1671,2,At-Risk
DL-128651,58,7,1427,0,Loyal Customers
DL-128652,119,10,2167,0,Loyal Customers
DL-128653,176,9,976,0,Loyal Customers
DL-128654,101,8,450,0,Loyal Customers
DL-129251,58,6,902,0,Loyal Customers
DL-129252,1413,1,55,1,At-Risk
DL-129253,69,8,2396,0,Loyal Customers
DL-129254,58,6,2111,0,Loyal Customers
DL-133151,225,4,1059,2,At-Risk
DL-133152,19,9,4458,3,Champions
DL-133153,35,6,550,0,Loyal Customers
DL-133154,23,8,756,0,Loyal Customers
DL-133301,13,10,3772,3,Champions
DL-133302,205,9,2240,0,Loyal Customers
DL-133303,28,11,1230,0,Loyal Customers
DL-133304,58,4,93,2,At-Risk
DL-134951,509,5,3660,3,Champions
DL-134952,23,8,4039,3,Champions
DL-134953,56,6,1131,0,Loyal Customers
DL-134954,77,8,3265,3,Champions
DL-28651,203,2,625,2,At-Risk
DL-28652,502,1,256,1,At-Risk
DL-28653,274,4,165,2,At-Risk
DL-29251,38,2,75,2,At-Risk
DL-29252,156,5,398,2,At-Risk
DL-33151,48,3,421,2,At-Risk
DL-33152,104,3,1024,2,At-Risk
DL-33301,953,1,14,1,At-Risk
DL-33302,706,1,108,1,At-Risk
DL-33303,856,1,60,1,At-Risk
DL-34951,461,3,191,2,At-Risk
DL-34952,283,2,30,2,At-Risk
DM-129551,161,7,598,0,Loyal Customers
DM-129552,41,9,1739,0,Loyal Customers
DM-129553,266,9,1431,0,Loyal Customers
DM-129554,115,7,1126,0,Loyal Customers
DM-130151,6,10,4078,3,Champions
DM-130152,6,10,2385,0,Loyal Customers
DM-130153,97,3,211,2,At-Risk
DM-130154,58,7,1669,0,Loyal Customers
DM-133451,91,7,3747,3,Champions
DM-133452,3,8,2439,0,Loyal Customers
DM-133453,569,4,1290,1,At-Risk
DM-133454,23,8,3413,3,Champions
DM-135251,324,6,1670,0,Loyal Customers
DM-135252,59,4,3044,0,Loyal Customers
DM-135253,36,6,1190,0,Loyal Customers
DM-135254,482,3,799,1,At-Risk
DM-29551,651,3,388,1,At-Risk
DM-29552,709,1,66,1,At-Risk
DM-29553,13,5,391,2,At-Risk
DM-30151,3,3,33,2,At-Risk
DM-30152,31,3,182,2,At-Risk
DM-33451,146,3,143,2,At-Risk
DM-33452,462,3,3597,3,Champions
DM-35251,1151,1,84,1,At-Risk
DM-35252,324,2,868,2,At-Risk
DM-35253,322,3,108,2,At-Risk
DN-136901,20,6,2031,0,Loyal Customers
DN-136902,42,5,1249,2,At-Risk
DN-136903,266,6,3782,3,Champions
DN-136904,218,7,1852,0,Loyal Customers
DN-36901,13,3,265,2,At-Risk
DN-36902,435,1,71,1,At-Risk
DN-36903,594,1,50,1,At-Risk
DO-134351,162,8,5742,3,Champions
DO-134352,288,3,531,2,At-Risk
DO-134353,65,12,1444,0,Loyal Customers
DO-134354,134,9,1033,0,Loyal Customers
DO-136451,380,6,3027,0,Loyal Customers
DO-136452,107,6,962,0,Loyal Customers
DO-136453,231,6,1174,0,Loyal Customers
DO-136454,27,7,862,0,Loyal Customers
DO-34351,37,5,337,2,At-Risk
DO-34352,72,5,373,2,At-Risk
DO-36451,169,2,246,2,At-Risk
DO-36452,129,1,829,2,At-Risk
DO-36453,42,2,326,2,At-Risk
DP-130001,62,7,3143,3,Champions
DP-130002,90,10,3539,3,Champions
DP-130003,395,5,110,2,At-Risk
DP-130004,127,9,693,0,Loyal Customers
DP-131051,99,6,4978,3,Champions
DP-131052,133,2,55,2,At-Risk
DP-131053,65,9,2538,0,Loyal Customers
DP-131054,7,8,1122,0,Loyal Customers
DP-131651,359,7,6461,3,Champions
DP-131652,57,9,2498,0,Loyal Customers
DP-131653,8,7,985,0,Loyal Customers
DP-131654,813,2,128,1,At-Risk
DP-133901,134,7,889,0,Loyal Customers
DP-133902,1,6,1388,0,Loyal Customers
DP-133903,246,5,1043,2,At-Risk
DP-133904,359,9,854,0,Loyal Customers
DP-30001,49,5,599,2,At-Risk
DP-30002,1193,1,30,1,At-Risk
DP-30003,15,4,82,2,At-Risk
DP-31051,65,4,226,2,At-Risk
DP-31052,177,2,192,2,At-Risk
DP-31651,8,5,448,2,At-Risk
DP-31652,1105,1,153,1,At-Risk
DP-33901,1255,2,129,1,At-Risk
DP-33902,101,1,91,2,At-Risk
DP-33903,13,3,86,2,At-Risk
DR-128801,30,7,1909,0,Loyal Customers
DR-128802,197,7,1605,0,Loyal Customers
DR-128803,7,9,789,0,Loyal Customers
DR-128804,4,9,2370,0,Loyal Customers
DR-129401,76,11,9357,3,Champions
DR-129402,28,7,2803,0,Loyal Customers
DR-129403,49,7,364,0,Loyal Customers
DR-129404,51,8,1559,0,Loyal Customers
DR-28801,266,5,392,2,At-Risk
DR-28802,5,3,72,2,At-Risk
DR-29401,40,6,1535,0,Loyal Customers
DR-29402,305,2,74,2,At-Risk
DS-130301,136,6,1725,0,Loyal Customers
DS-130302,278,6,665,2,At-Risk
DS-130303,153,10,3325,3,Champions
DS-130304,94,4,566,2,At-Risk
DS-131801,119,4,2406,2,At-Risk
DS-131802,119,5,526,2,At-Risk
DS-131803,15,13,1108,0,Loyal Customers
DS-131804,24,9,1102,0,Loyal Customers
DS-30301,49,2,691,2,At-Risk
DS-30302,185,4,842,2,At-Risk
DS-31801,324,1,46,2,At-Risk
DS-31802,72,1,7,2,At-Risk
DV-130451,41,5,3188,0,Loyal Customers
DV-130452,97,6,476,2,At-Risk
DV-130453,122,8,2415,0,Loyal Customers
DV-130454,20,5,950,2,At-Risk
DV-134651,195,5,1508,2,At-Risk
DV-134652,409,2,131,2,At-Risk
DV-134653,191,7,650,0,Loyal Customers
DV-134654,30,6,613,0,Loyal Customers
DV-30451,631,3,98,1,At-Risk
DV-30452,34,10,2189,0,Loyal Customers
DV-34651,27,2,112,2,At-Risk
DV-34652,14,3,628,2,At-Risk
DW-131951,7,13,4629,3,Champions
DW-131952,28,3,435,2,At-Risk
DW-131953,90,4,395,2,At-Risk
DW-131954,70,6,880,0,Loyal Customers
DW-134801,66,7,617,0,Loyal Customers
DW-134802,185,4,1109,2,At-Risk
DW-134803,213,7,541,0,Loyal Customers
DW-134804,218,5,2285,0,Loyal Customers
DW-135401,13,4,3299,3,Champions
DW-135402,34,5,877,2,At-Risk
DW-135403,95,6,807,0,Loyal Customers
DW-135404,99,5,297,2,At-Risk
DW-135851,6,11,879,0,Loyal Customers
DW-135852,13,8,929,0,Loyal Customers
DW-135853,83,11,1476,0,Loyal Customers
DW-135854,243,7,1090,0,Loyal Customers
DW-31951,1148,1,55,1,At-Risk
DW-31952,1064,3,73,1,At-Risk
DW-34801,168,4,297,2,At-Risk
DW-34802,495,2,199,1,At-Risk
DW-34803,56,6,2095,0,Loyal Customers
DW-35401,55,1,16,2,At-Risk
DW-35402,1196,1,409,1,At-Risk
DW-35403,920,2,535,1,At-Risk
DW-35851,29,3,405,2,At-Risk
DW-35852,148,1,27,2,At-Risk
Dl-136001,6,8,3366,3,Champions
Dl-136002,161,6,629,2,At-Risk
Dl-136003,86,1,11,2,At-Risk
Dl-136004,120,5,740,2,At-Risk
Dl-36001,190,6,451,2,At-Risk
Dl-36002,112,4,1277,2,At-Risk
Dp-132401,252,6,2261,0,Loyal Customers
Dp-132402,91,2,128,2,At-Risk
Dp-132403,19,9,1530,0,Loyal Customers
Dp-132404,85,11,3047,3,Champions
Dp-32401,470,4,328,2,At-Risk
Dp-32402,26,2,124,2,At-Risk
Dp-32403,1170,1,98,1,At-Risk
EA-140351,94,6,911,0,Loyal Customers
EA-140352,579,3,1024,1,At-Risk
EA-140353,192,9,789,0,Loyal Customers
EA-140354,153,13,2176,0,Loyal Customers
EA-40351,166,3,131,2,At-Risk
EB-137051,76,8,868,0,Loyal Customers
EB-137052,710,6,1444,1,At-Risk
EB-137053,265,7,2630,0,Loyal Customers
EB-137054,49,9,2378,0,Loyal Customers
EB-137501,363,2,944,2,At-Risk
EB-137502,33,5,685,2,At-Risk
EB-137503,91,3,187,2,At-Risk
EB-137504,36,10,2618,0,Loyal Customers
EB-138401,442,5,1590,2,At-Risk
EB-138402,3,10,1916,0,Loyal Customers
EB-138403,196,5,728,2,At-Risk
EB-138404,91,5,3807,3,Champions
EB-138701,16,4,919,2,At-Risk
EB-138702,18,4,683,2,At-Risk
EB-138703,73,1,44,2,At-Risk
EB-138704,101,10,2646,0,Loyal Customers
EB-139301,20,8,2533,0,Loyal Customers
EB-139302,76,3,2180,2,At-Risk
EB-139303,598,2,557,1,At-Risk
EB-139304,162,5,745,2,At-Risk
EB-139751,20,9,897,0,Loyal Customers
EB-139752,143,6,291,2,At-Risk
EB-139753,1,13,1230,0,Loyal Customers
EB-139754,1,4,1602,2,At-Risk
EB-141101,282,5,2090,0,Loyal Customers
EB-141102,54,10,4798,3,Champions
EB-141103,36,3,254,2,At-Risk
EB-141104,114,6,1301,0,Loyal Customers
EB-141701,132,6,725,0,Loyal Customers
EB-141702,358,1,31,2,At-Risk
EB-141703,20,10,1544,0,Loyal Customers
EB-141704,83,6,1177,0,Loyal Customers
EB-37051,399,2,455,2,At-Risk
EB-37052,1324,1,123,1,At-Risk
EB-37501,1135,1,114,1,At-Risk
EB-37502,185,5,468,2,At-Risk
EB-38401,619,1,9,1,At-Risk
EB-38402,1260,1,50,1,At-Risk
EB-38403,44,4,89,2,At-Risk
EB-38701,602,3,82,1,At-Risk
EB-38702,498,2,101,1,At-Risk
EB-39301,31,4,1349,2,At-Risk
EB-39302,8,5,509,2,At-Risk
EB-39751,781,4,2058,1,At-Risk
EB-39752,36,5,476,2,At-Risk
EB-41101,58,5,168,2,At-Risk
EB-41102,21,5,641,2,At-Risk
EB-41701,55,4,480,2,At-Risk
EB-41702,705,2,396,1,At-Risk
EC-140501,112,7,2664,0,Loyal Customers
EC-140502,244,3,231,2,At-Risk
EC-140503,771,4,117,1,At-Risk
EC-140504,54,5,175,2,At-Risk
EC-40501,163,3,68,2,At-Risk
EC-40502,210,4,127,2,At-Risk
ED-138851,80,7,3544,3,Champions
ED-138852,16,8,826,0,Loyal Customers
ED-138853,45,8,1728,0,Loyal Customers
ED-138854,136,8,3324,3,Champions
ED-38851,756,2,72,1,At-Risk
ED-38852,624,1,15,1,At-Risk
ED-38853,57,5,134,2,At-Risk
EG-139001,84,4,2206,2,At-Risk
EG-139002,142,7,3985,3,Champions
EG-139003,37,5,678,2,At-Risk
EG-139004,23,5,673,2,At-Risk
EG-39001,90,6,1273,0,Loyal Customers
EG-39002,52,5,372,2,At-Risk
EH-137651,3,8,2107,0,Loyal Customers
EH-137652,174,5,1580,2,At-Risk
EH-137653,19,4,268,2,At-Risk
EH-137654,136,12,6066,3,Champions
EH-139451,121,5,392,2,At-Risk
EH-139452,191,4,1927,2,At-Risk
EH-139453,58,10,1551,0,Loyal Customers
EH-139454,218,8,303,0,Loyal Customers
EH-139901,45,9,3496,3,Champions
EH-139902,103,4,368,2,At-Risk
EH-139903,68,7,605,0,Loyal Customers
EH-139904,406,6,770,2,At-Risk
EH-140051,73,9,1454,0,Loyal Customers
EH-140052,15,4,1885,2,At-Risk
EH-140053,29,8,2237,0,Loyal Customers
EH-140054,3,7,856,0,Loyal Customers
EH-141251,103,8,3377,3,Champions
EH-141252,125,8,1484,0,Loyal Customers
EH-141253,230,5,817,2,At-Risk
EH-141254,153,10,2277,0,Loyal Customers
EH-141851,272,9,3921,3,Champions
EH-141852,224,6,3059,0,Loyal Customers
EH-141853,68,8,1079,0,Loyal Customers
EH-141854,106,6,839,0,Loyal Customers
EH-37651,129,8,513,0,Loyal Customers
EH-37652,1120,1,384,1,At-Risk
EH-39451,112,3,636,2,At-Risk
EH-39452,1351,1,49,1,At-Risk
EH-39453,486,5,1007,2,At-Risk
EH-39901,721,5,254,1,At-Risk
EH-39902,34,1,37,2,At-Risk
EH-40051,197,4,697,2,At-Risk
EH-40052,197,3,74,2,At-Risk
EH-41251,23,7,668,0,Loyal Customers
EH-41252,70,6,2643,0,Loyal Customers
EH-41851,129,5,266,2,At-Risk
EH-41852,122,3,1656,2,At-Risk
EJ-137201,50,6,1626,0,Loyal Customers
EJ-137202,183,4,405,2,At-Risk
EJ-137203,121,8,1612,0,Loyal Customers
EJ-137204,303,4,1565,2,At-Risk
EJ-141551,28,7,1257,0,Loyal Customers
EJ-141552,49,6,1290,0,Loyal Customers
EJ-141553,600,5,1138,1,At-Risk
EJ-141554,58,5,2042,0,Loyal Customers
EJ-37201,213,5,1175,2,At-Risk
EJ-37202,157,3,237,2,At-Risk
EJ-41551,23,3,467,2,At-Risk
EJ-41552,141,2,163,2,At-Risk
EK-137951,114,6,1103,0,Loyal Customers
EK-137952,93,5,731,2,At-Risk
EK-137953,220,2,432,2,At-Risk
EK-137954,45,4,1302,2,At-Risk
EK-37951,394,2,44,2,At-Risk
EK-37952,213,4,478,2,At-Risk
EL-137351,293,6,3927,3,Champions
EL-137352,146,6,653,2,At-Risk
EL-137353,54,9,1302,0,Loyal Customers
EL-137354,78,2,125,2,At-Risk
EL-37351,27,6,1264,0,Loyal Customers
EL-37352,202,5,475,2,At-Risk
EM-138101,273,5,3473,3,Champions
EM-138102,79,5,1233,2,At-Risk
EM-138103,104,8,1448,0,Loyal Customers
EM-138104,133,5,1583,2,At-Risk
EM-138251,351,5,2271,0,Loyal Customers
EM-138252,283,6,1527,0,Loyal Customers
EM-138253,138,7,2860,0,Loyal Customers
EM-138254,56,8,1572,0,Loyal Customers
EM-139601,3,16,8414,3,Champions
EM-139602,17,10,2660,0,Loyal Customers
EM-139603,303,6,825,2,At-Risk
EM-139604,152,5,825,2,At-Risk
EM-140651,17,5,1511,0,Loyal Customers
EM-140652,180,2,163,2,At-Risk
EM-140653,210,6,349,2,At-Risk
EM-140654,48,4,58,2,At-Risk
EM-140951,194,4,1657,2,At-Risk
EM-140952,290,6,1237,0,Loyal Customers
EM-140953,9,3,1324,2,At-Risk
EM-140954,114,4,431,2,At-Risk
EM-141401,176,9,1177,0,Loyal Customers
EM-141402,429,6,660,2,At-Risk
EM-141403,25,9,2480,0,Loyal Customers
EM-141404,49,6,2035,0,Loyal Customers
EM-142001,120,7,3684,3,Champions
EM-142002,87,5,254,2,At-Risk
EM-142003,42,8,360,0,Loyal Customers
EM-142004,159,3,314,2,At-Risk
EM-38101,59,4,100,2,At-Risk
EM-38102,318,2,200,2,At-Risk
EM-38251,967,2,41,1,At-Risk
EM-38252,938,1,13,1,At-Risk
EM-38253,483,3,68,1,At-Risk
EM-39601,195,4,122,2,At-Risk
EM-39602,946,1,100,1,At-Risk
EM-39603,239,3,944,2,At-Risk
EM-40651,150,4,113,2,At-Risk
EM-40652,1239,1,110,1,At-Risk
EM-40653,53,4,244,2,At-Risk
EM-40951,589,3,143,1,At-Risk
EM-40952,878,1,193,1,At-Risk
EM-40953,132,5,408,2,At-Risk
EM-41401,578,4,186,1,At-Risk
EM-41402,94,2,147,2,At-Risk
EM-42001,152,2,75,2,At-Risk
EM-42002,152,2,166,2,At-Risk
EN-137801,15,5,1084,2,At-Risk
EN-137802,145,5,1100,2,At-Risk
EN-137803,31,6,613,0,Loyal Customers
EN-137804,288,4,283,2,At-Risk
EN-37801,365,4,179,2,At-Risk
EN-37802,206,4,291,2,At-Risk
EP-139151,223,10,4563,3,Champions
EP-139152,106,5,1091,2,At-Risk
EP-139153,582,1,1686,1,At-Risk
EP-139154,13,17,2665,3,Champions
EP-39151,76,2,130,2,At-Risk
EP-39152,1284,1,132,1,At-Risk
ER-138551,297,5,1831,2,At-Risk
ER-138552,70,4,6717,3,Champions
ER-138553,134,7,1297,0,Loyal Customers
ER-138554,422,3,1015,2,At-Risk
ER-38551,54,2,63,2,At-Risk
ER-38552,113,5,1222,2,At-Risk
ES-140201,66,9,1039,0,Loyal Customers
ES-140202,1,11,1393,0,Loyal Customers
ES-140203,77,7,870,0,Loyal Customers
ES-140204,41,5,762,2,At-Risk
ES-140801,636,5,2563,1,At-Risk
ES-140802,188,5,824,2,At-Risk
ES-140803,368,5,473,2,At-Risk
ES-140804,29,9,3420,3,Champions
ES-40201,29,2,72,2,At-Risk
ES-40202,426,1,735,2,At-Risk
ES-40203,345,4,702,2,At-Risk
ES-40801,146,6,794,0,Loyal Customers
ES-40802,276,3,170,2,At-Risk
FA-142301,23,5,1632,0,Loyal Customers
FA-142302,147,12,5380,3,Champions
FA-142303,39,5,990,2,At-Risk
FA-142304,98,7,1014,0,Loyal Customers
FA-42301,185,5,172,2,At-Risk
FA-42302,342,1,643,2,At-Risk
FC-142451,43,8,2894,0,Loyal Customers
FC-142452,462,4,752,2,At-Risk
FC-142453,199,4,179,2,At-Risk
FC-142454,71,7,2140,0,Loyal Customers
FC-143351,148,6,666,2,At-Risk
FC-143352,185,4,592,2,At-Risk
FC-143353,108,6,663,2,At-Risk
FC-143354,185,7,2143,0,Loyal Customers
FC-42451,492,3,946,1,At-Risk
FC-42452,584,3,297,1,At-Risk
FC-43351,1233,1,73,1,At-Risk
FC-43352,111,3,133,2,At-Risk
FG-142601,210,5,1199,2,At-Risk
FG-142602,92,4,943,2,At-Risk
FG-142603,52,2,144,2,At-Risk
FG-142604,35,7,739,0,Loyal Customers
FG-42601,111,3,58,2,At-Risk
FG-42602,156,1,26,2,At-Risk
FG-42603,476,5,197,2,At-Risk
FH-142751,379,2,4692,3,Champions
FH-142752,104,6,1322,0,Loyal Customers
FH-142753,5,5,373,2,At-Risk
FH-142754,38,10,1547,0,Loyal Customers
FH-143501,49,3,742,2,At-Risk
FH-143502,2,8,3031,3,Champions
FH-143503,115,5,1344,2,At-Risk
FH-143504,213,4,216,2,At-Risk
FH-143651,100,7,2780,0,Loyal Customers
FH-143652,2,8,1009,0,Loyal Customers
FH-143653,43,7,529,0,Loyal Customers
FH-143654,6,8,2323,0,Loyal Customers
FH-42751,237,2,34,2,At-Risk
FH-42752,135,3,79,2,At-Risk
FH-43501,15,2,45,2,At-Risk
FH-43502,1156,1,65,1,At-Risk
FH-43651,367,1,130,2,At-Risk
FH-43652,167,8,2412,0,Loyal Customers
FM-142151,219,7,2973,0,Loyal Customers
FM-142152,99,7,4289,3,Champions
FM-142153,255,7,1408,0,Loyal Customers
FM-142154,8,10,1780,0,Loyal Customers
FM-142901,106,7,2651,0,Loyal Customers
FM-142902,793,3,129,1,At-Risk
FM-142903,81,11,1624,0,Loyal Customers
FM-142904,37,9,1815,0,Loyal Customers
FM-143801,239,5,1829,0,Loyal Customers
FM-143802,490,4,317,2,At-Risk
FM-143803,479,3,439,1,At-Risk
FM-143804,146,9,1716,0,Loyal Customers
FM-42151,469,2,361,1,At-Risk
FM-42152,97,4,685,2,At-Risk
FM-42901,152,4,147,2,At-Risk
FM-42902,3,4,1052,2,At-Risk
FM-43801,217,1,30,2,At-Risk
FM-43802,2,5,550,2,At-Risk
FO-143051,79,7,1556,0,Loyal Customers
FO-143052,28,13,3700,3,Champions
FO-143053,23,7,612,0,Loyal Customers
FO-143054,39,10,2461,0,Loyal Customers
FO-43051,293,3,140,2,At-Risk
FO-43052,52,7,1385,0,Loyal Customers
FP-143201,145,8,3074,3,Champions
FP-143202,211,5,478,2,At-Risk
FP-143203,30,8,592,0,Loyal Customers
FP-143204,24,8,2223,0,Loyal Customers
FP-43201,35,2,161,2,At-Risk
FP-43202,28,3,656,2,At-Risk
FW-143951,138,6,1377,0,Loyal Customers
FW-143952,301,5,2605,0,Loyal Customers
FW-143953,64,12,1574,0,Loyal Customers
FW-143954,363,3,81,2,At-Risk
FW-43951,692,3,403,1,At-Risk
FW-43952,1,5,503,2,At-Risk
GA-145151,540,2,2617,1,At-Risk
GA-145152,23,6,736,0,Loyal Customers
GA-145153,429,8,1082,0,Loyal Customers
GA-145154,150,8,2574,0,Loyal Customers
GA-147251,3,7,1239,0,Loyal Customers
GA-147252,80,3,126,2,At-Risk
GA-147253,338,3,64,2,At-Risk
GA-147254,6,11,625,0,Loyal Customers
GA-45151,36,3,135,2,At-Risk
GA-45152,118,4,1046,2,At-Risk
GA-47251,71,4,689,2,At-Risk
GB-145301,34,7,7997,3,Champions
GB-145302,251,3,138,2,At-Risk
GB-145303,295,4,155,2,At-Risk
GB-145304,63,11,1019,0,Loyal Customers
GB-145751,156,5,561,2,At-Risk
GB-145752,86,7,566,0,Loyal Customers
GB-145753,71,7,1951,0,Loyal Customers
GB-145754,14,5,895,2,At-Risk
GB-45301,209,2,46,2,At-Risk
GB-45302,114,1,21,2,At-Risk
GB-45303,171,2,101,2,At-Risk
GB-45751,210,4,222,2,At-Risk
GB-45752,919,2,264,1,At-Risk
GD-145901,13,9,2853,0,Loyal Customers
GD-145902,344,9,3632,3,Champions
GD-145903,371,7,2627,0,Loyal Customers
GD-145904,6,4,1845,2,At-Risk
GD-45901,387,1,39,2,At-Risk
GD-45902,353,3,482,2,At-Risk
GG-146501,78,5,760,2,At-Risk
GG-146502,34,10,1409,0,Loyal Customers
GG-146503,353,4,707,2,At-Risk
GG-146504,44,9,440,0,Loyal Customers
GG-46501,313,1,26,2,At-Risk
GG-46502,104,4,628,2,At-Risk
GH-144101,62,4,1139,2,At-Risk
GH-144102,21,13,1626,0,Loyal Customers
GH-144103,91,10,2505,0,Loyal Customers
GH-144104,76,9,1534,0,Loyal Customers
GH-144251,101,9,4107,3,Champions
GH-144252,20,11,2715,0,Loyal Customers
GH-144253,19,7,413,0,Loyal Customers
GH-144254,51,4,349,2,At-Risk
GH-144851,290,5,849,2,At-Risk
GH-144852,52,9,2360,0,Loyal Customers
GH-144853,205,5,136,2,At-Risk
GH-144854,388,2,264,2,At-Risk
GH-146651,68,13,4170,3,Champions
GH-146652,6,8,1640,0,Loyal Customers
GH-146653,36,6,1032,0,Loyal Customers
GH-146654,3,2,120,2,At-Risk
GH-44101,298,4,956,2,At-Risk
GH-44102,477,5,582,2,At-Risk
GH-44251,84,7,1177,0,Loyal Customers
GH-44252,847,1,127,1,At-Risk
GH-44253,22,2,634,2,At-Risk
GH-44851,86,3,334,2,At-Risk
GH-44852,379,1,308,2,At-Risk
GH-46651,493,4,170,1,At-Risk
GH-46652,2,1,20,2,At-Risk
GH-46653,19,4,463,2,At-Risk
GK-146201,13,5,1407,0,Loyal Customers
GK-146202,80,5,2506,0,Loyal Customers
GK-146203,381,5,2662,0,Loyal Customers
GK-146204,113,9,3143,3,Champions
GK-46201,629,3,318,1,At-Risk
GK-46202,101,1,116,2,At-Risk
GM-144401,238,9,4889,3,Champions
GM-144402,20,6,1715,0,Loyal Customers
GM-144403,105,4,316,2,At-Risk
GM-144404,84,7,2661,0,Loyal Customers
GM-144551,36,6,1679,0,Loyal Customers
GM-144552,366,3,725,2,At-Risk
GM-144553,101,2,281,2,At-Risk
GM-144554,17,6,1465,0,Loyal Customers
GM-145001,190,3,1161,2,At-Risk
GM-145002,505,3,286,1,At-Risk
GM-145003,234,7,1017,0,Loyal Customers
GM-145004,107,10,506,0,Loyal Customers
GM-146801,2,12,2403,0,Loyal Customers
GM-146802,8,5,2308,0,Loyal Customers
GM-146803,6,8,750,0,Loyal Customers
GM-146804,153,6,1400,0,Loyal Customers
GM-146951,111,4,409,2,At-Risk
GM-146952,197,5,434,2,At-Risk
GM-146953,48,7,525,0,Loyal Customers
GM-146954,118,3,1357,2,At-Risk
GM-44401,2,5,353,2,At-Risk
GM-44402,133,3,140,2,At-Risk
GM-44551,214,2,180,2,At-Risk
GM-44552,209,2,259,2,At-Risk
GM-45001,105,3,1600,2,At-Risk
GM-45002,372,2,294,2,At-Risk
GM-46801,1076,1,30,1,At-Risk
GM-46802,73,5,162,2,At-Risk
GM-46951,260,3,423,2,At-Risk
GM-46952,223,4,152,2,At-Risk
GP-147401,57,5,633,2,At-Risk
GP-147402,9,9,2787,0,Loyal Customers
GP-147403,2,9,1215,0,Loyal Customers
GP-147404,766,2,106,1,At-Risk
GP-47401,691,4,1808,1,At-Risk
GP-47402,152,4,442,2,At-Risk
GR-145601,56,9,1670,0,Loyal Customers
GR-145602,50,6,1436,0,Loyal Customers
GR-145603,68,7,417,0,Loyal Customers
GR-145604,1137,2,226,1,At-Risk
GR-45601,154,4,4362,3,Champions
GR-45602,211,2,155,2,At-Risk
GT-146351,287,5,2095,0,Loyal Customers
GT-146352,66,8,742,0,Loyal Customers
GT-146353,57,4,948,2,At-Risk
GT-146354,57,3,8042,3,Champions
GT-147101,41,7,4746,3,Champions
GT-147102,70,6,3111,0,Loyal Customers
GT-147103,9,6,1639,0,Loyal Customers
GT-147104,37,11,5568,3,Champions
GT-147551,43,7,596,0,Loyal Customers
GT-147552,69,8,1210,0,Loyal Customers
GT-147553,127,4,370,2,At-Risk
GT-147554,35,4,134,2,At-Risk
GT-46351,10,5,737,2,At-Risk
GT-46352,548,2,32,1,At-Risk
GT-47101,56,2,41,2,At-Risk
GT-47102,559,2,194,1,At-Risk
GT-47551,21,2,1142,2,At-Risk
GT-47552,721,1,249,1,At-Risk
GT-47553,1,5,244,2,At-Risk
GW-146051,105,9,2032,0,Loyal Customers
GW-146052,19,6,411,2,At-Risk
GW-146053,456,3,1376,2,At-Risk
GW-146054,29,7,1735,0,Loyal Customers
GW-46051,475,5,381,2,At-Risk
GW-46052,15,3,774,2,At-Risk
GZ-144701,149,8,1419,0,Loyal Customers
GZ-144702,8,8,1620,0,Loyal Customers
GZ-144703,22,10,1832,0,Loyal Customers
GZ-144704,8,9,1811,0,Loyal Customers
GZ-145451,276,8,1554,0,Loyal Customers
GZ-145452,141,5,625,2,At-Risk
GZ-145453,77,7,1409,0,Loyal Customers
GZ-145454,158,4,2092,2,At-Risk
GZ-44701,148,2,386,2,At-Risk
GZ-44702,1358,1,8,1,At-Risk
GZ-44703,279,5,615,2,At-Risk
GZ-45451,406,1,88,2,At-Risk
GZ-45452,234,1,22,2,At-Risk
GZ-45453,31,4,273,2,At-Risk
HA-149051,83,6,2327,0,Loyal Customers
HA-149052,106,5,2187,0,Loyal Customers
HA-149053,79,6,932,0,Loyal Customers
HA-149054,70,7,1380,0,Loyal Customers
HA-149201,42,8,971,0,Loyal Customers
HA-149202,152,6,689,2,At-Risk
HA-149203,31,3,175,2,At-Risk
HA-149204,21,8,1612,0,Loyal Customers
HA-49051,468,1,146,1,At-Risk
HA-49052,14,3,253,2,At-Risk
HA-49201,497,2,76,1,At-Risk
HA-49202,91,4,505,2,At-Risk
HD-147851,43,7,3789,3,Champions
HD-147852,99,6,3041,0,Loyal Customers
HD-147853,100,13,911,0,Loyal Customers
HD-147854,770,3,140,1,At-Risk
HD-47851,107,6,314,2,At-Risk
HD-47852,258,1,14,2,At-Risk
HE-148001,7,5,249,2,At-Risk
HE-148002,13,6,476,0,Loyal Customers
HE-148003,462,12,1072,0,Loyal Customers
HE-148004,13,4,542,2,At-Risk
HE-48001,62,3,78,2,At-Risk
HE-48002,37,5,700,2,At-Risk
HF-149951,458,6,865,2,At-Risk
HF-149952,84,8,1798,0,Loyal Customers
HF-149953,15,7,858,0,Loyal Customers
HF-149954,22,7,1567,0,Loyal Customers
HF-49951,391,3,659,2,At-Risk
HF-49952,482,5,515,2,At-Risk
HG-148451,13,13,1379,0,Loyal Customers
HG-148452,43,6,291,2,At-Risk
HG-148453,110,6,1526,0,Loyal Customers
HG-148454,55,5,114,2,At-Risk
HG-149651,62,14,7726,3,Champions
HG-149652,280,5,580,2,At-Risk
HG-149653,384,3,276,2,At-Risk
HG-149654,24,12,2355,0,Loyal Customers
HG-150251,91,9,5123,3,Champions
HG-150252,344,6,989,2,At-Risk
HG-150253,7,7,1017,0,Loyal Customers
HG-150254,7,7,1524,0,Loyal Customers
HG-48451,176,6,575,2,At-Risk
HG-48452,142,3,588,2,At-Risk
HG-49651,225,3,83,2,At-Risk
HG-49652,100,1,17,2,At-Risk
HG-49653,737,1,6,1,At-Risk
HG-50251,24,4,83,2,At-Risk
HG-50252,474,3,380,2,At-Risk
HH-150101,149,8,1250,0,Loyal Customers
HH-150102,55,6,1210,0,Loyal Customers
HH-150103,62,8,1339,0,Loyal Customers
HH-150104,73,2,119,2,At-Risk
HH-50101,464,1,553,1,At-Risk
HH-50102,197,2,173,2,At-Risk
HJ-148751,37,13,6121,3,Champions
HJ-148752,6,10,1070,0,Loyal Customers
HJ-148753,541,4,163,1,At-Risk
HJ-148754,127,5,328,2,At-Risk
HJ-48751,311,2,64,2,At-Risk
HJ-48752,385,4,496,2,At-Risk
HK-148901,126,5,1896,0,Loyal Customers
HK-148902,127,8,2766,0,Loyal Customers
HK-148903,44,6,561,0,Loyal Customers
HK-148904,152,8,1708,0,Loyal Customers
HK-48901,171,2,301,2,At-Risk
HK-48902,609,1,336,1,At-Risk
HK-48903,57,3,924,2,At-Risk
HL-150401,31,6,1729,0,Loyal Customers
HL-150402,204,4,830,2,At-Risk
HL-150403,37,4,234,2,At-Risk
HL-150404,44,6,11022,3,Champions
HL-50401,687,2,127,1,At-Risk
HL-50402,189,2,20,2,At-Risk
HM-148601,10,11,3175,3,Champions
HM-148602,2,11,1543,0,Loyal Customers
HM-148603,142,5,2600,0,Loyal Customers
HM-148604,3,10,2309,0,Loyal Customers
HM-149801,59,10,2976,3,Champions
HM-149802,41,9,1245,0,Loyal Customers
HM-149803,26,6,1202,0,Loyal Customers
HM-149804,248,4,670,2,At-Risk
HM-48601,240,2,259,2,At-Risk
HM-48602,35,2,187,2,At-Risk
HM-49801,524,2,4062,3,Champions
HM-49802,465,3,298,2,At-Risk
HP-148151,272,4,129,2,At-Risk
HP-148152,562,5,1026,1,At-Risk
HP-148153,103,8,1872,0,Loyal Customers
HP-148154,31,7,1824,0,Loyal Customers
HP-48151,233,2,563,2,At-Risk
HP-48152,64,3,552,2,At-Risk
HR-147701,100,4,3195,0,Loyal Customers
HR-147702,80,5,2337,0,Loyal Customers
HR-147703,42,4,654,2,At-Risk
HR-147704,14,5,724,2,At-Risk
HR-148301,479,6,1916,0,Loyal Customers
HR-148302,52,4,427,2,At-Risk
HR-148303,392,4,530,2,At-Risk
HR-148304,160,7,3828,3,Champions
HR-47701,289,3,450,2,At-Risk
HR-47702,294,1,97,2,At-Risk
HR-47703,188,4,634,2,At-Risk
HR-48301,149,1,17,2,At-Risk
HR-48302,348,2,55,2,At-Risk
HW-149351,70,10,2339,0,Loyal Customers
HW-149352,35,6,889,0,Loyal Customers
HW-149353,80,4,122,2,At-Risk
HW-149354,118,8,5397,3,Champions
HW-49351,57,2,302,2,At-Risk
HW-49352,125,5,468,2,At-Risk
HZ-149501,51,9,2529,0,Loyal Customers
HZ-149502,37,6,728,0,Loyal Customers
HZ-149503,489,2,460,1,At-Risk
HZ-149504,36,5,875,2,At-Risk
HZ-49501,598,3,2525,1,At-Risk
HZ-49502,209,3,89,2,At-Risk
IG-150851,14,7,1327,0,Loyal Customers
IG-150852,107,8,735,0,Loyal Customers
IG-150853,64,6,1789,0,Loyal Customers
IG-150854,72,4,557,2,At-Risk
IG-50851,2,6,376,2,At-Risk
IG-50852,35,6,1471,0,Loyal Customers
IL-151001,147,4,901,2,At-Risk
IL-151002,117,6,1022,0,Loyal Customers
IL-151003,223,8,2657,0,Loyal Customers
IL-151004,143,7,576,0,Loyal Customers
IL-51001,164,3,116,2,At-Risk
IL-51002,602,4,284,1,At-Risk
IM-150551,512,2,66,1,At-Risk
IM-150552,16,7,920,0,Loyal Customers
IM-150553,260,3,124,2,At-Risk
IM-150554,410,3,72,2,At-Risk
IM-150701,213,5,1416,2,At-Risk
IM-150702,41,9,2337,0,Loyal Customers
IM-150703,266,6,950,2,At-Risk
IM-150704,391,7,2127,0,Loyal Customers
IM-50551,373,3,530,2,At-Risk
IM-50552,20,4,408,2,At-Risk
IM-50701,234,1,168,2,At-Risk
IM-50702,51,6,789,0,Loyal Customers
JA-159701,1,4,2796,0,Loyal Customers
JA-159702,163,8,2253,0,Loyal Customers
JA-159703,40,5,712,2,At-Risk
JA-159704,93,8,269,0,Loyal Customers
JA-59701,1,3,73,2,At-Risk
JA-59702,19,4,91,2,At-Risk
JB-154001,385,3,432,2,At-Risk
JB-154002,44,13,5396,3,Champions
JB-154003,93,8,1676,0,Loyal Customers
JB-154004,8,10,1397,0,Loyal Customers
JB-159251,10,8,1454,0,Loyal Customers
JB-159252,581,3,210,1,At-Risk
JB-159253,30,5,791,2,At-Risk
JB-159254,738,3,752,1,At-Risk
JB-160001,185,7,4363,3,Champions
JB-160002,97,10,6280,3,Champions
JB-160003,2,8,718,0,Loyal Customers
JB-160004,44,7,644,0,Loyal Customers
JB-160451,41,6,4664,3,Champions
JB-160452,694,6,2039,1,At-Risk
JB-160453,1,7,1108,0,Loyal Customers
JB-160454,8,5,791,2,At-Risk
JB-54001,232,3,1247,2,At-Risk
JB-54002,83,4,480,2,At-Risk
JB-59251,23,3,305,2,At-Risk
JB-59252,297,5,469,2,At-Risk
JB-60001,218,4,300,2,At-Risk
JB-60002,175,3,169,2,At-Risk
JB-60451,205,4,1063,2,At-Risk
JB-60452,29,6,1153,0,Loyal Customers
JC-153401,46,9,5893,3,Champions
JC-153402,35,11,5164,3,Champions
JC-153403,374,5,283,2,At-Risk
JC-153404,115,4,72,2,At-Risk
JC-153851,85,5,827,2,At-Risk
JC-153852,55,8,5294,3,Champions
JC-153853,9,11,1564,0,Loyal Customers
JC-153854,176,1,786,2,At-Risk
JC-157751,8,6,3414,3,Champions
JC-157752,2,8,1074,0,Loyal Customers
JC-157753,451,2,495,2,At-Risk
JC-157754,159,9,2032,0,Loyal Customers
JC-161051,156,6,1819,0,Loyal Customers
JC-161052,104,10,1801,0,Loyal Customers
JC-161053,85,7,1628,0,Loyal Customers
JC-161054,58,5,435,2,At-Risk
JC-53401,143,5,418,2,At-Risk
JC-53402,772,1,62,1,At-Risk
JC-53851,52,5,315,2,At-Risk
JC-53852,16,4,1611,2,At-Risk
JC-57751,14,3,21,2,At-Risk
JC-57752,65,2,128,2,At-Risk
JC-61051,317,1,61,2,At-Risk
JC-61052,103,5,2617,0,Loyal Customers
JD-157901,329,8,2675,0,Loyal Customers
JD-157902,625,3,498,1,At-Risk
JD-157903,16,8,2290,0,Loyal Customers
JD-157904,118,5,2123,0,Loyal Customers
JD-158951,82,7,929,0,Loyal Customers
JD-158952,7,5,1374,0,Loyal Customers
JD-158953,27,9,2153,0,Loyal Customers
JD-158954,395,11,4152,3,Champions
JD-160151,49,5,2087,0,Loyal Customers
JD-160152,57,6,521,2,At-Risk
JD-160153,213,7,755,0,Loyal Customers
JD-160154,113,6,267,2,At-Risk
JD-160601,223,2,283,2,At-Risk
JD-160602,70,7,2701,0,Loyal Customers
JD-160603,66,7,915,0,Loyal Customers
JD-160604,301,3,339,2,At-Risk
JD-161501,1,4,1700,2,At-Risk
JD-161502,485,6,1354,2,At-Risk
JD-161503,199,10,2870,3,Champions
JD-161504,42,8,5124,3,Champions
JD-57901,698,2,679,1,At-Risk
JD-57902,300,3,89,2,At-Risk
JD-58951,204,3,179,2,At-Risk
JD-58952,73,1,117,2,At-Risk
JD-58953,3,2,98,2,At-Risk
JD-60151,205,3,765,2,At-Risk
JD-60152,43,5,481,2,At-Risk
JD-60601,141,6,2590,0,Loyal Customers
JD-60602,198,3,44,2,At-Risk
JD-61501,467,1,968,1,At-Risk
JD-61502,22,5,748,2,At-Risk
JE-154751,201,5,2873,0,Loyal Customers
JE-154752,36,6,707,0,Loyal Customers
JE-154753,37,5,371,2,At-Risk
JE-154754,194,6,1168,0,Loyal Customers
JE-156101,97,11,1641,0,Loyal Customers
JE-156102,373,3,240,2,At-Risk
JE-156103,43,5,540,2,At-Risk
JE-156104,49,7,883,0,Loyal Customers
JE-157151,10,12,1973,0,Loyal Customers
JE-157152,55,10,1154,0,Loyal Customers
JE-157153,50,4,542,2,At-Risk
JE-157154,47,10,5038,3,Champions
JE-157451,190,7,2291,0,Loyal Customers
JE-157452,33,7,2271,0,Loyal Customers
JE-157453,68,8,1006,0,Loyal Customers
JE-157454,52,13,5434,3,Champions
JE-161651,160,7,1921,0,Loyal Customers
JE-161652,384,6,1051,2,At-Risk
JE-161653,42,4,393,2,At-Risk
JE-161654,21,3,191,2,At-Risk
JE-54751,194,3,85,2,At-Risk
JE-54752,28,5,605,2,At-Risk
JE-56101,176,4,399,2,At-Risk
JE-56102,195,2,145,2,At-Risk
JE-57151,87,4,107,2,At-Risk
JE-57152,229,3,48,2,At-Risk
JE-57451,826,1,53,1,At-Risk
JE-57452,195,6,249,2,At-Risk
JE-61651,37,6,1281,0,Loyal Customers
JE-61652,483,2,113,1,At-Risk
JF-151901,7,10,2936,3,Champions
JF-151902,610,7,1299,1,At-Risk
JF-151903,148,4,775,2,At-Risk
JF-151904,66,7,699,0,Loyal Customers
JF-152951,108,4,793,2,At-Risk
JF-152952,57,8,4381,3,Champions
JF-152953,92,7,1405,0,Loyal Customers
JF-152954,226,5,165,2,At-Risk
JF-153551,35,4,291,2,At-Risk
JF-153552,14,8,1869,0,Loyal Customers
JF-153553,170,4,999,2,At-Risk
JF-153554,106,6,277,2,At-Risk
JF-154151,206,5,502,2,At-Risk
JF-154152,28,6,3157,3,Champions
JF-154153,104,6,383,2,At-Risk
JF-154154,3,6,262,2,At-Risk
JF-154901,13,8,1323,0,Loyal Customers
JF-154902,5,5,2175,0,Loyal Customers
JF-154903,66,6,663,0,Loyal Customers
JF-154904,122,11,547,0,Loyal Customers
JF-155651,6,5,3150,0,Loyal Customers
JF-155652,106,12,5609,3,Champions
JF-155653,2,4,170,2,At-Risk
JF-155654,55,8,1117,0,Loyal Customers
JF-51901,150,2,128,2,At-Risk
JF-51902,328,6,2718,0,Loyal Customers
JF-52951,64,3,354,2,At-Risk
JF-52952,513,1,90,1,At-Risk
JF-52953,110,4,1239,2,At-Risk
JF-53551,133,4,318,2,At-Risk
JF-53552,97,5,1784,0,Loyal Customers
JF-54151,38,6,2831,0,Loyal Customers
JF-54152,76,5,1758,0,Loyal Customers
JF-54901,100,3,709,2,At-Risk
JF-54902,115,4,116,2,At-Risk
JF-55651,421,3,156,2,At-Risk
JF-55652,453,3,312,2,At-Risk
JG-151151,69,4,570,2,At-Risk
JG-151152,418,5,1495,2,At-Risk
JG-151153,421,7,1657,0,Loyal Customers
JG-151154,759,3,1919,1,At-Risk
JG-151601,31,8,1034,0,Loyal Customers
JG-151602,30,5,375,2,At-Risk
JG-151603,114,8,516,0,Loyal Customers
JG-151604,2,11,4286,3,Champions
JG-153101,20,8,2139,0,Loyal Customers
JG-153102,80,5,1840,0,Loyal Customers
JG-153103,261,5,347,2,At-Risk
JG-153104,3,6,1792,0,Loyal Customers
JG-158051,43,12,2698,0,Loyal Customers
JG-158052,1,15,2974,3,Champions
JG-158053,6,4,1095,2,At-Risk
JG-158054,224,6,233,2,At-Risk
JG-51151,499,5,669,2,At-Risk
JG-51152,6,4,365,2,At-Risk
JG-51601,17,6,804,0,Loyal Customers
JG-51602,650,2,315,1,At-Risk
JG-53101,44,5,570,2,At-Risk
JG-58051,930,1,81,1,At-Risk
JG-58052,134,2,71,2,At-Risk
JH-154301,7,10,1745,0,Loyal Customers
JH-154302,58,5,227,2,At-Risk
JH-154303,42,12,5032,3,Champions
JH-154304,6,4,237,2,At-Risk
JH-158201,42,9,2253,0,Loyal Customers
JH-158202,111,9,4082,3,Champions
JH-158203,14,7,5083,3,Champions
JH-158204,175,6,443,2,At-Risk
JH-159101,43,12,4969,3,Champions
JH-159102,49,8,1135,0,Loyal Customers
JH-159103,43,5,742,2,At-Risk
JH-159104,42,7,527,0,Loyal Customers
JH-159851,16,11,2232,0,Loyal Customers
JH-159852,12,6,2399,0,Loyal Customers
JH-159853,506,15,2149,0,Loyal Customers
JH-159854,30,6,6536,3,Champions
JH-161801,51,10,2153,0,Loyal Customers
JH-161802,262,12,3478,3,Champions
JH-161803,70,5,2840,0,Loyal Customers
JH-161804,405,4,1488,2,At-Risk
JH-54301,8,7,412,0,Loyal Customers
JH-54302,1186,1,28,1,At-Risk
JH-54303,632,1,55,1,At-Risk
JH-58201,43,3,68,2,At-Risk
JH-58202,69,4,306,2,At-Risk
JH-59101,41,4,160,2,At-Risk
JH-59102,990,1,125,1,At-Risk
JH-59103,157,3,967,2,At-Risk
JH-59851,53,5,970,2,At-Risk
JH-59852,153,2,43,2,At-Risk
JH-61801,58,5,1189,2,At-Risk
JH-61802,114,1,17,2,At-Risk
JH-61803,28,3,3194,0,Loyal Customers
JJ-154451,350,6,1494,0,Loyal Customers
JJ-154452,97,5,1935,0,Loyal Customers
JJ-154453,34,3,1639,2,At-Risk
JJ-154454,484,5,402,2,At-Risk
JJ-157601,50,8,1133,0,Loyal Customers
JJ-157602,3,13,3895,3,Champions
JJ-157603,401,5,534,2,At-Risk
JJ-157604,754,2,149,1,At-Risk
JJ-54451,200,2,1952,2,At-Risk
JJ-54452,20,4,396,2,At-Risk
JJ-57601,450,3,48,2,At-Risk
JJ-57602,269,3,205,2,At-Risk
JK-152051,420,5,975,2,At-Risk
JK-152052,171,6,717,2,At-Risk
JK-152053,71,8,2227,0,Loyal Customers
JK-152054,62,5,2091,0,Loyal Customers
JK-153251,78,13,2274,0,Loyal Customers
JK-153252,191,5,2022,0,Loyal Customers
JK-153253,468,7,1689,0,Loyal Customers
JK-153254,288,3,382,2,At-Risk
JK-153701,22,5,958,2,At-Risk
JK-153702,2,8,1391,0,Loyal Customers
JK-153703,121,6,989,0,Loyal Customers
JK-153704,45,8,1750,0,Loyal Customers
JK-156251,2,7,1937,0,Loyal Customers
JK-156252,319,4,480,2,At-Risk
JK-156253,75,9,2132,0,Loyal Customers
JK-156254,62,7,1336,0,Loyal Customers
JK-156401,233,3,301,2,At-Risk
JK-156402,1,5,1071,2,At-Risk
JK-156403,18,9,2262,0,Loyal Customers
JK-156404,181,9,671,0,Loyal Customers
JK-157301,49,8,5986,3,Champions
JK-157302,210,7,766,0,Loyal Customers
JK-157303,202,9,986,0,Loyal Customers
JK-157304,85,10,3186,3,Champions
JK-160901,50,10,6290,3,Champions
JK-160902,9,11,1954,0,Loyal Customers
JK-160903,23,9,1706,0,Loyal Customers
JK-160904,29,3,2719,2,At-Risk
JK-161201,166,6,4864,3,Champions
JK-161202,98,5,894,2,At-Risk
JK-161203,111,5,1799,0,Loyal Customers
JK-161204,118,10,2656,0,Loyal Customers
JK-52051,1198,1,621,1,At-Risk
JK-52052,592,4,444,1,At-Risk
JK-53251,461,3,169,2,At-Risk
JK-53701,145,4,1695,2,At-Risk
JK-53702,345,2,269,2,At-Risk
JK-56251,351,6,507,2,At-Risk
JK-56252,317,1,28,2,At-Risk
JK-56253,1231,1,11,1,At-Risk
JK-56401,895,1,54,1,At-Risk
JK-56402,174,3,236,2,At-Risk
JK-57301,484,3,76,1,At-Risk
JK-57302,842,3,708,1,At-Risk
JK-60901,13,3,778,2,At-Risk
JK-60902,1159,1,116,1,At-Risk
JK-60903,1233,1,11,1,At-Risk
JK-61201,643,3,256,1,At-Risk
JK-61202,141,1,46,2,At-Risk
JK-61203,194,2,900,2,At-Risk
JL-151301,475,4,684,2,At-Risk
JL-151302,22,8,3244,3,Champions
JL-151303,158,10,882,0,Loyal Customers
JL-151304,9,6,1002,0,Loyal Customers
JL-151751,170,6,3270,3,Champions
JL-151752,188,6,1590,0,Loyal Customers
JL-151753,42,10,311,0,Loyal Customers
JL-151754,7,5,1506,0,Loyal Customers
JL-152351,48,7,1685,0,Loyal Customers
JL-152352,14,7,2924,0,Loyal Customers
JL-152353,108,5,2457,0,Loyal Customers
JL-152354,120,5,1053,2,At-Risk
JL-155051,132,5,534,2,At-Risk
JL-155052,31,5,433,2,At-Risk
JL-155053,387,6,291,2,At-Risk
JL-155054,50,6,1631,0,Loyal Customers
JL-158351,62,8,969,0,Loyal Customers
JL-158352,386,5,1027,2,At-Risk
JL-158353,192,6,2222,0,Loyal Customers
JL-158354,22,11,5259,3,Champions
JL-158501,841,4,1091,1,At-Risk
JL-158502,140,6,894,0,Loyal Customers
JL-158503,45,6,1238,0,Loyal Customers
JL-158504,615,6,871,1,At-Risk
JL-51301,289,4,997,2,At-Risk
JL-51302,943,1,27,1,At-Risk
JL-51303,198,7,377,0,Loyal Customers
JL-51751,125,1,55,2,At-Risk
JL-51752,128,4,274,2,At-Risk
JL-52351,772,1,13,1,At-Risk
JL-52352,2,3,204,2,At-Risk
JL-55051,687,1,202,1,At-Risk
JL-55052,342,2,1758,2,At-Risk
JL-58351,55,4,731,2,At-Risk
JL-58352,708,3,489,1,At-Risk
JL-58501,698,2,139,1,At-Risk
JL-58502,787,2,371,1,At-Risk
JM-152501,36,8,1808,0,Loyal Customers
JM-152502,42,4,3174,0,Loyal Customers
JM-152503,73,6,475,2,At-Risk
JM-152504,38,6,1732,0,Loyal Customers
JM-152651,54,11,4497,3,Champions
JM-152652,385,6,847,2,At-Risk
JM-152653,183,7,1136,0,Loyal Customers
JM-152654,38,5,413,2,At-Risk
JM-155351,24,7,647,0,Loyal Customers
JM-155352,15,5,261,2,At-Risk
JM-155353,906,1,35,1,At-Risk
JM-155354,103,7,1555,0,Loyal Customers
JM-155801,416,8,1773,0,Loyal Customers
JM-155802,133,5,1805,0,Loyal Customers
JM-155803,120,6,3087,0,Loyal Customers
JM-155804,1,5,164,2,At-Risk
JM-156551,216,10,1023,0,Loyal Customers
JM-156552,159,8,3421,3,Champions
JM-156553,48,11,1249,0,Loyal Customers
JM-156554,9,5,227,2,At-Risk
JM-158651,69,6,2612,0,Loyal Customers
JM-158652,192,11,1166,0,Loyal Customers
JM-158653,183,5,738,2,At-Risk
JM-158654,110,7,5085,3,Champions
JM-161951,203,8,883,0,Loyal Customers
JM-161952,436,4,336,2,At-Risk
JM-161953,294,3,1151,2,At-Risk
JM-161954,58,10,1121,0,Loyal Customers
JM-52501,7,3,800,2,At-Risk
JM-52502,135,2,196,2,At-Risk
JM-52651,258,3,397,2,At-Risk
JM-52652,121,1,424,2,At-Risk
JM-55351,244,2,63,2,At-Risk
JM-55352,640,3,536,1,At-Risk
JM-55801,50,3,708,2,At-Risk
JM-55802,70,2,165,2,At-Risk
JM-56551,123,6,1736,0,Loyal Customers
JM-56552,513,1,254,1,At-Risk
JM-56553,464,1,102,1,At-Risk
JM-58651,71,4,508,2,At-Risk
JM-58652,764,1,349,1,At-Risk
JM-58653,162,1,58,2,At-Risk
JM-61951,118,3,286,2,At-Risk
JM-61952,13,5,596,2,At-Risk
JO-151451,70,4,993,2,At-Risk
JO-151452,276,7,2566,0,Loyal Customers
JO-151453,91,3,363,2,At-Risk
JO-151454,58,9,1125,0,Loyal Customers
JO-152801,15,7,1200,0,Loyal Customers
JO-152802,401,1,287,2,At-Risk
JO-152803,211,7,1479,0,Loyal Customers
JO-152804,93,6,1801,0,Loyal Customers
JO-155501,72,5,586,2,At-Risk
JO-155502,133,4,271,2,At-Risk
JO-155503,139,5,1041,2,At-Risk
JO-155504,216,5,540,2,At-Risk
JO-51451,260,3,613,2,At-Risk
JO-51452,6,3,71,2,At-Risk
JO-52801,20,4,412,2,At-Risk
JO-55501,13,4,1140,2,At-Risk
JO-55502,78,5,419,2,At-Risk
JP-154601,81,6,1613,0,Loyal Customers
JP-154602,311,7,1033,0,Loyal Customers
JP-154603,37,6,480,2,At-Risk
JP-154604,38,7,1301,0,Loyal Customers
JP-155201,147,4,1699,2,At-Risk
JP-155202,206,7,1222,0,Loyal Customers
JP-155203,63,8,2716,0,Loyal Customers
JP-155204,9,7,1485,0,Loyal Customers
JP-161351,57,11,2321,0,Loyal Customers
JP-161352,192,10,1710,0,Loyal Customers
JP-161353,44,4,366,2,At-Risk
JP-161354,103,9,1544,0,Loyal Customers
JP-54601,387,1,56,2,At-Risk
JP-54602,189,1,29,2,At-Risk
JP-54603,420,8,1393,0,Loyal Customers
JP-55201,584,1,14,1,At-Risk
JP-55202,644,1,133,1,At-Risk
JP-55203,113,2,21,2,At-Risk
JP-61351,87,3,44,2,At-Risk
JP-61352,27,5,465,2,At-Risk
JR-156701,582,5,3289,3,Champions
JR-156702,13,8,3510,3,Champions
JR-156703,234,5,2042,0,Loyal Customers
JR-156704,594,2,1143,1,At-Risk
JR-157001,71,6,3424,3,Champions
JR-157002,8,3,654,2,At-Risk
JR-157003,80,8,1716,0,Loyal Customers
JR-157004,69,1,864,2,At-Risk
JR-162101,66,5,4677,3,Champions
JR-162102,19,7,881,0,Loyal Customers
JR-162103,106,4,999,2,At-Risk
JR-162104,34,5,1387,2,At-Risk
JR-56701,602,2,60,1,At-Risk
JR-56702,129,4,316,2,At-Risk
JR-57001,14,3,583,2,At-Risk
JR-57002,416,3,263,2,At-Risk
JR-62101,38,3,274,2,At-Risk
JR-62102,499,1,169,1,At-Risk
JR-62103,563,2,237,1,At-Risk
JS-155951,159,4,851,2,At-Risk
JS-155952,48,6,451,2,At-Risk
JS-155953,6,4,592,2,At-Risk
JS-155954,120,4,1106,2,At-Risk
JS-156851,41,7,1311,0,Loyal Customers
JS-156852,193,7,1031,0,Loyal Customers
JS-156853,156,8,1186,0,Loyal Customers
JS-156854,43,4,492,2,At-Risk
JS-158801,146,6,1972,0,Loyal Customers
JS-158802,12,6,1903,0,Loyal Customers
JS-158803,199,3,738,2,At-Risk
JS-158804,535,5,2267,1,At-Risk
JS-159401,1080,1,22,1,At-Risk
JS-159402,6,5,492,2,At-Risk
JS-159403,239,4,769,2,At-Risk
JS-159404,464,5,306,2,At-Risk
JS-160301,147,14,8498,3,Champions
JS-160302,141,7,423,0,Loyal Customers
JS-160303,22,5,838,2,At-Risk
JS-160304,29,6,985,0,Loyal Customers
JS-55951,1031,2,19,1,At-Risk
JS-55952,1218,1,138,1,At-Risk
JS-55953,680,3,103,1,At-Risk
JS-56851,143,2,263,2,At-Risk
JS-56852,276,3,1375,2,At-Risk
JS-58801,209,3,961,2,At-Risk
JS-58802,300,3,696,2,At-Risk
JS-59401,135,3,671,2,At-Risk
JS-59402,24,1,17,2,At-Risk
JS-59403,202,9,963,0,Loyal Customers
JS-60301,219,2,1061,2,At-Risk
JS-60302,703,1,66,1,At-Risk
JS-60303,870,1,19,1,At-Risk
JW-152201,13,11,6055,3,Champions
JW-152202,15,12,1920,0,Loyal Customers
JW-152203,17,5,288,2,At-Risk
JW-152204,43,6,644,0,Loyal Customers
JW-159551,82,8,2927,0,Loyal Customers
JW-159552,125,8,1654,0,Loyal Customers
JW-159553,133,7,512,0,Loyal Customers
JW-159554,6,7,779,0,Loyal Customers
JW-160751,2,9,1814,0,Loyal Customers
JW-160752,117,7,3150,3,Champions
JW-160753,261,5,597,2,At-Risk
JW-160754,462,4,162,2,At-Risk
JW-52201,187,2,368,2,At-Risk
JW-52202,101,4,1011,2,At-Risk
JW-59551,927,1,103,1,At-Risk
JW-59552,107,1,50,2,At-Risk
JW-60751,631,3,159,1,At-Risk
JW-60752,267,1,97,2,At-Risk
KA-165251,30,12,1793,0,Loyal Customers
KA-165252,17,9,3350,3,Champions
KA-165253,42,7,1054,0,Loyal Customers
KA-165254,37,7,1151,0,Loyal Customers
KA-65251,292,4,407,2,At-Risk
KA-65252,94,3,505,2,At-Risk
KB-162401,97,5,1669,0,Loyal Customers
KB-162402,34,8,663,0,Loyal Customers
KB-162403,6,7,711,0,Loyal Customers
KB-162404,5,7,1137,0,Loyal Customers
KB-163151,3,8,2024,0,Loyal Customers
KB-163152,69,7,960,0,Loyal Customers
KB-163153,933,5,1906,1,At-Risk
KB-163154,297,9,1097,0,Loyal Customers
KB-164051,20,11,1829,0,Loyal Customers
KB-164052,96,6,1663,0,Loyal Customers
KB-164053,42,8,314,0,Loyal Customers
KB-164054,118,3,138,2,At-Risk
KB-165851,253,6,3937,3,Champions
KB-165852,94,5,3169,0,Loyal Customers
KB-165853,541,4,358,1,At-Risk
KB-165854,231,12,1897,0,Loyal Customers
KB-166001,87,8,5172,3,Champions
KB-166002,87,4,506,2,At-Risk
KB-166003,2,6,1496,0,Loyal Customers
KB-166004,2,7,947,0,Loyal Customers
KB-62401,318,3,117,2,At-Risk
KB-62402,202,4,155,2,At-Risk
KB-63151,392,5,372,2,At-Risk
KB-63152,23,6,1048,0,Loyal Customers
KB-64051,388,3,184,2,At-Risk
KB-65851,372,2,217,2,At-Risk
KB-66001,10,6,438,2,At-Risk
KB-66002,856,1,29,1,At-Risk
KB-66003,64,4,487,2,At-Risk
KC-162551,62,8,639,0,Loyal Customers
KC-162552,45,3,846,2,At-Risk
KC-162553,62,10,1543,0,Loyal Customers
KC-162554,408,6,1568,0,Loyal Customers
KC-165401,43,6,3007,0,Loyal Customers
KC-165402,42,6,571,0,Loyal Customers
KC-165403,54,9,1498,0,Loyal Customers
KC-165404,98,4,561,2,At-Risk
KC-166751,3,4,1416,2,At-Risk
KC-166752,100,8,500,0,Loyal Customers
KC-166753,300,7,1235,0,Loyal Customers
KC-166754,58,4,750,2,At-Risk
KC-62551,540,3,594,1,At-Risk
KC-62552,58,5,153,2,At-Risk
KC-65401,38,3,147,2,At-Risk
KC-65402,34,4,168,2,At-Risk
KC-66751,721,1,19,1,At-Risk
KC-66752,20,2,273,2,At-Risk
KD-162701,37,9,3839,3,Champions
KD-162702,107,7,2331,0,Loyal Customers
KD-162703,40,8,2287,0,Loyal Customers
KD-162704,485,5,1100,2,At-Risk
KD-163451,210,4,372,2,At-Risk
KD-163452,132,4,1910,2,At-Risk
KD-163453,1393,1,201,1,At-Risk
KD-163454,42,6,1452,0,Loyal Customers
KD-164951,47,10,2677,0,Loyal Customers
KD-164952,56,10,5056,3,Champions
KD-164953,239,4,1317,2,At-Risk
KD-164954,113,12,519,0,Loyal Customers
KD-166151,444,4,546,2,At-Risk
KD-166152,126,7,5866,3,Champions
KD-166153,76,8,1215,0,Loyal Customers
KD-166154,290,5,718,2,At-Risk
KD-62701,812,1,800,1,At-Risk
KD-63451,58,4,332,2,At-Risk
KD-63452,76,2,173,2,At-Risk
KD-64951,399,2,113,2,At-Risk
KD-64952,713,2,304,1,At-Risk
KD-66151,187,3,205,2,At-Risk
KE-164201,150,13,1268,0,Loyal Customers
KE-164202,427,4,416,2,At-Risk
KE-164203,117,6,3318,3,Champions
KE-164204,27,8,522,0,Loyal Customers
KE-64201,252,3,498,2,At-Risk
KE-64202,1281,1,12,1,At-Risk
KF-162851,49,3,349,2,At-Risk
KF-162852,38,6,1142,0,Loyal Customers
KF-162853,479,5,386,2,At-Risk
KF-162854,98,7,597,0,Loyal Customers
KF-62851,776,3,233,1,At-Risk
KF-62852,33,6,667,0,Loyal Customers
KH-163301,17,11,6718,3,Champions
KH-163302,437,4,647,2,At-Risk
KH-163303,426,3,563,2,At-Risk
KH-163304,41,8,1534,0,Loyal Customers
KH-163601,51,8,1994,0,Loyal Customers
KH-163602,175,4,244,2,At-Risk
KH-163603,6,10,754,0,Loyal Customers
KH-163604,2,6,115,2,At-Risk
KH-165101,145,8,1271,0,Loyal Customers
KH-165102,37,7,1051,0,Loyal Customers
KH-165103,226,4,157,2,At-Risk
KH-165104,23,7,269,0,Loyal Customers
KH-166301,44,4,232,2,At-Risk
KH-166302,9,8,770,0,Loyal Customers
KH-166303,28,6,173,2,At-Risk
KH-166304,59,9,302,0,Loyal Customers
KH-166901,134,11,2129,0,Loyal Customers
KH-166902,103,14,3147,3,Champions
KH-166903,36,7,1770,0,Loyal Customers
KH-166904,3,7,1029,0,Loyal Customers
KH-63301,103,6,661,0,Loyal Customers
KH-63302,20,7,245,0,Loyal Customers
KH-63601,119,4,1153,2,At-Risk
KH-63602,101,3,442,2,At-Risk
KH-65101,16,5,1065,2,At-Risk
KH-65102,502,2,72,1,At-Risk
KH-66301,938,1,340,1,At-Risk
KH-66302,327,4,290,2,At-Risk
KH-66901,239,3,299,2,At-Risk
KH-66902,1272,1,52,1,At-Risk
KH-66903,269,3,981,2,At-Risk
KL-165551,16,5,1481,0,Loyal Customers
KL-165552,122,7,629,0,Loyal Customers
KL-165553,86,6,440,2,At-Risk
KL-165554,17,8,2194,0,Loyal Customers
KL-166451,168,5,1415,2,At-Risk
KL-166452,129,7,1920,0,Loyal Customers
KL-166453,127,4,258,2,At-Risk
KL-166454,48,12,3377,3,Champions
KL-65551,206,4,122,2,At-Risk
KL-65552,176,3,189,2,At-Risk
KL-66451,1,3,521,2,At-Risk
KL-66452,147,2,147,2,At-Risk
KM-162251,1,8,1758,0,Loyal Customers
KM-162252,163,2,203,2,At-Risk
KM-162253,230,2,267,2,At-Risk
KM-162254,15,6,772,0,Loyal Customers
KM-163751,28,4,532,2,At-Risk
KM-163752,111,8,3737,3,Champions
KM-163753,3,8,647,0,Loyal Customers
KM-163754,57,8,2092,0,Loyal Customers
KM-166601,49,12,4843,3,Champions
KM-166602,114,7,1200,0,Loyal Customers
KM-166603,323,5,839,2,At-Risk
KM-166604,16,5,106,2,At-Risk
KM-167201,115,3,2433,2,At-Risk
KM-167202,343,5,548,2,At-Risk
KM-167203,108,7,1082,0,Loyal Customers
KM-167204,29,8,988,0,Loyal Customers
KM-62251,372,1,7,2,At-Risk
KM-62252,491,2,884,1,At-Risk
KM-63751,325,2,18,2,At-Risk
KM-63752,566,1,197,1,At-Risk
KM-63753,322,2,399,2,At-Risk
KM-66601,31,1,10,2,At-Risk
KM-66602,84,2,158,2,At-Risk
KM-67201,350,3,1692,2,At-Risk
KN-163901,209,9,6372,3,Champions
KN-163902,150,5,3441,3,Champions
KN-163903,63,6,549,2,At-Risk
KN-163904,20,9,1692,0,Loyal Customers
KN-164501,38,10,2263,0,Loyal Customers
KN-164502,101,7,1547,0,Loyal Customers
KN-164503,387,4,924,2,At-Risk
KN-164504,53,5,640,2,At-Risk
KN-167051,387,4,1758,2,At-Risk
KN-167052,1113,3,228,1,At-Risk
KN-167053,664,4,106,1,At-Risk
KN-167054,99,8,712,0,Loyal Customers
KN-63901,756,1,117,1,At-Risk
KN-63902,274,2,31,2,At-Risk
KN-64501,94,6,1186,0,Loyal Customers
KN-64502,121,2,441,2,At-Risk
KN-67051,1291,1,202,1,At-Risk
KN-67052,124,4,3561,3,Champions
KS-163001,441,5,1853,2,At-Risk
KS-163002,36,7,1088,0,Loyal Customers
KS-163003,307,6,198,2,At-Risk
KS-163004,296,3,40,2,At-Risk
KS-63001,472,3,113,2,At-Risk
KS-63002,107,1,109,2,At-Risk
KT-164651,98,9,1807,0,Loyal Customers
KT-164652,44,5,480,2,At-Risk
KT-164653,69,11,3608,3,Champions
KT-164654,392,7,2731,0,Loyal Customers
KT-164801,28,5,1054,2,At-Risk
KT-164802,135,3,120,2,At-Risk
KT-164803,546,2,119,1,At-Risk
KT-164804,101,10,3206,3,Champions
KT-64651,1135,2,313,1,At-Risk
KT-64652,106,1,41,2,At-Risk
KT-64653,185,4,65,2,At-Risk
KT-64801,148,5,579,2,At-Risk
KT-64802,85,2,85,2,At-Risk
KW-164351,27,3,1244,2,At-Risk
KW-164352,269,10,6200,3,Champions
KW-164353,83,5,262,2,At-Risk
KW-164354,97,5,208,2,At-Risk
KW-165701,23,12,3236,3,Champions
KW-165702,125,6,728,0,Loyal Customers
KW-165703,112,12,749,0,Loyal Customers
KW-165704,772,4,236,1,At-Risk
KW-64351,148,4,104,2,At-Risk
KW-65701,49,2,108,2,At-Risk
KW-65702,240,4,289,2,At-Risk
LA-167801,128,12,7849,3,Champions
LA-167802,14,9,1654,0,Loyal Customers
LA-167803,84,2,40,2,At-Risk
LA-167804,155,11,1827,0,Loyal Customers
LA-67801,79,3,289,2,At-Risk
LA-67802,2,9,2507,0,Loyal Customers
LB-167351,573,4,379,1,At-Risk
LB-167352,10,8,1503,0,Loyal Customers
LB-167353,44,14,4723,3,Champions
LB-167354,49,3,50,2,At-Risk
LB-167951,224,9,3119,3,Champions
LB-167952,40,6,6456,3,Champions
LB-167953,48,8,1288,0,Loyal Customers
LB-167954,153,8,1149,0,Loyal Customers
LB-67351,138,3,743,2,At-Risk
LB-67352,920,1,114,1,At-Risk
LB-67353,156,3,227,2,At-Risk
LB-67951,104,3,96,2,At-Risk
LB-67952,57,5,1169,2,At-Risk
LC-168701,215,6,2385,0,Loyal Customers
LC-168702,495,3,525,1,At-Risk
LC-168703,106,4,623,2,At-Risk
LC-168704,28,8,429,0,Loyal Customers
LC-168851,141,8,2855,0,Loyal Customers
LC-168852,290,4,580,2,At-Risk
LC-168853,41,5,1077,2,At-Risk
LC-168854,17,12,2795,3,Champions
LC-169301,106,7,2228,0,Loyal Customers
LC-169302,50,7,496,0,Loyal Customers
LC-169303,54,4,1176,2,At-Risk
LC-169304,42,8,4206,3,Champions
LC-169601,80,5,3018,0,Loyal Customers
LC-169602,62,8,2111,0,Loyal Customers
LC-169603,3,5,399,2,At-Risk
LC-169604,437,4,2800,2,At-Risk
LC-170501,108,5,1656,0,Loyal Customers
LC-170502,5,6,2206,0,Loyal Customers
LC-170503,108,7,912,0,Loyal Customers
LC-170504,55,5,1286,2,At-Risk
LC-171401,14,5,2140,0,Loyal Customers
LC-171402,47,8,2272,0,Loyal Customers
LC-171403,45,8,749,0,Loyal Customers
LC-171404,14,9,2085,0,Loyal Customers
LC-68701,105,2,216,2,At-Risk
LC-68702,24,6,730,0,Loyal Customers
LC-68851,210,7,527,0,Loyal Customers
LC-68852,769,1,95,1,At-Risk
LC-68853,652,1,23,1,At-Risk
LC-69301,72,6,569,2,At-Risk
LC-69302,292,3,1087,2,At-Risk
LC-69601,413,4,798,2,At-Risk
LC-69602,192,4,572,2,At-Risk
LC-70501,8,5,125,2,At-Risk
LC-70502,7,2,68,2,At-Risk
LC-71401,264,1,1002,2,At-Risk
LC-71402,1157,1,128,1,At-Risk
LC-71403,17,4,336,2,At-Risk
LD-168551,364,7,980,0,Loyal Customers
LD-168552,105,9,1172,0,Loyal Customers
LD-168553,43,13,1965,0,Loyal Customers
LD-168554,553,1,5,1,At-Risk
LD-170051,85,9,3328,3,Champions
LD-170052,120,8,1878,0,Loyal Customers
LD-170053,50,6,1269,0,Loyal Customers
LD-170054,415,4,372,2,At-Risk
LD-68551,81,5,1639,0,Loyal Customers
LD-68552,155,3,355,2,At-Risk
LD-70051,1211,1,61,1,At-Risk
LD-70052,44,1,19,2,At-Risk
LD-70053,486,4,107,2,At-Risk
LE-168101,15,9,1429,0,Loyal Customers
LE-168102,82,8,706,0,Loyal Customers
LE-168103,295,1,105,2,At-Risk
LE-168104,22,6,1345,0,Loyal Customers
LE-68101,64,6,952,0,Loyal Customers
LF-171851,50,5,302,2,At-Risk
LF-171852,34,8,1964,0,Loyal Customers
LF-171853,476,2,76,1,At-Risk
LF-171854,23,7,155,0,Loyal Customers
LF-71851,785,2,351,1,At-Risk
LF-71852,178,3,189,2,At-Risk
LH-167501,48,4,516,2,At-Risk
LH-167502,444,2,190,2,At-Risk
LH-167503,13,13,2882,3,Champions
LH-167504,152,3,288,2,At-Risk
LH-169001,175,9,2739,0,Loyal Customers
LH-169002,139,4,467,2,At-Risk
LH-169003,177,7,2547,0,Loyal Customers
LH-169004,22,9,1498,0,Loyal Customers
LH-170201,199,3,898,2,At-Risk
LH-170202,210,4,1207,2,At-Risk
LH-170203,42,7,2563,0,Loyal Customers
LH-170204,240,4,287,2,At-Risk
LH-171551,76,14,3793,3,Champions
LH-171552,573,4,613,1,At-Risk
LH-171553,735,2,78,1,At-Risk
LH-171554,386,9,866,0,Loyal Customers
LH-67501,758,2,312,1,At-Risk
LH-67502,126,3,357,2,At-Risk
LH-69001,307,2,815,2,At-Risk
LH-69002,1329,1,25,1,At-Risk
LH-70201,59,2,73,2,At-Risk
LH-70202,1046,1,4,1,At-Risk
LH-71551,250,1,137,2,At-Risk
LH-71552,850,1,152,1,At-Risk
LH-71553,128,6,1803,0,Loyal Customers
LL-168401,118,5,996,2,At-Risk
LL-168402,212,8,2209,0,Loyal Customers
LL-168403,27,7,898,0,Loyal Customers
LL-168404,250,6,97,2,At-Risk
LL-68401,36,4,344,2,At-Risk
LL-68402,43,5,463,2,At-Risk
LM-170651,85,7,1026,0,Loyal Customers
LM-170652,390,2,175,2,At-Risk
LM-170653,191,4,628,2,At-Risk
LM-170654,392,5,1037,2,At-Risk
LM-70651,56,3,924,2,At-Risk
LM-70652,8,1,191,2,At-Risk
LO-171701,47,8,2597,0,Loyal Customers
LO-171702,115,10,1266,0,Loyal Customers
LO-171703,120,5,489,2,At-Risk
LO-171704,3,5,484,2,At-Risk
LO-71701,5,4,1346,2,At-Risk
LO-71702,99,3,499,2,At-Risk
LP-170801,76,5,2488,0,Loyal Customers
LP-170802,56,7,714,0,Loyal Customers
LP-170803,231,8,1786,0,Loyal Customers
LP-170804,41,4,127,2,At-Risk
LP-170951,78,8,3249,3,Champions
LP-170952,363,4,480,2,At-Risk
LP-170953,20,7,820,0,Loyal Customers
LP-170954,10,7,742,0,Loyal Customers
LP-70801,244,4,198,2,At-Risk
LP-70802,185,3,193,2,At-Risk
LP-70951,1,1,4,2,At-Risk
LP-70952,577,1,132,1,At-Risk
LP-70953,117,2,558,2,At-Risk
LR-169151,244,5,3782,3,Champions
LR-169152,133,8,3802,3,Champions
LR-169153,150,7,2188,0,Loyal Customers
LR-169154,27,6,949,0,Loyal Customers
LR-170351,55,6,1209,0,Loyal Customers
LR-170352,251,7,823,0,Loyal Customers
LR-170353,46,8,1649,0,Loyal Customers
LR-170354,133,5,1180,2,At-Risk
LR-69151,1246,1,49,1,At-Risk
LR-69152,685,2,209,1,At-Risk
LR-70351,107,6,1298,0,Loyal Customers
LR-70352,146,3,62,2,At-Risk
LS-169451,221,4,1692,2,At-Risk
LS-169452,28,5,1268,2,At-Risk
LS-169453,83,5,650,2,At-Risk
LS-169454,179,6,451,2,At-Risk
LS-169751,251,4,1047,2,At-Risk
LS-169752,54,3,238,2,At-Risk
LS-169753,64,6,245,2,At-Risk
LS-169754,21,9,747,0,Loyal Customers
LS-172001,16,8,1603,0,Loyal Customers
LS-172002,416,3,1472,2,At-Risk
LS-172003,76,7,1273,0,Loyal Customers
LS-172004,97,6,914,0,Loyal Customers
LS-172301,5,9,1578,0,Loyal Customers
LS-172302,211,6,399,2,At-Risk
LS-172303,191,6,572,2,At-Risk
LS-172304,778,3,236,1,At-Risk
LS-172451,225,7,1996,0,Loyal Customers
LS-172452,334,3,344,2,At-Risk
LS-172453,51,8,3650,3,Champions
LS-172454,35,6,633,0,Loyal Customers
LS-69451,191,5,389,2,At-Risk
LS-69452,610,1,112,1,At-Risk
LS-69453,7,6,979,0,Loyal Customers
LS-69751,179,3,67,2,At-Risk
LS-69752,313,1,154,2,At-Risk
LS-69753,841,1,46,1,At-Risk
LS-72001,384,4,341,2,At-Risk
LS-72301,275,4,81,2,At-Risk
LS-72302,100,6,475,2,At-Risk
LS-72451,374,4,794,2,At-Risk
LS-72452,218,2,40,2,At-Risk
LT-167651,7,10,1737,0,Loyal Customers
LT-167652,139,6,3100,0,Loyal Customers
LT-167653,72,11,927,0,Loyal Customers
LT-167654,27,3,330,2,At-Risk
LT-171101,212,8,1674,0,Loyal Customers
LT-171102,55,7,1567,0,Loyal Customers
LT-171103,286,3,721,2,At-Risk
LT-171104,35,8,1341,0,Loyal Customers
LT-67651,615,2,205,1,At-Risk
LT-67652,9,1,29,2,At-Risk
LT-67653,721,1,57,1,At-Risk
LT-71101,56,4,127,2,At-Risk
LT-71102,78,2,317,2,At-Risk
LW-168251,63,8,799,0,Loyal Customers
LW-168252,23,5,480,2,At-Risk
LW-168253,133,2,176,2,At-Risk
LW-168254,89,5,618,2,At-Risk
LW-169901,576,4,847,1,At-Risk
LW-169902,132,7,3268,3,Champions
LW-169903,24,6,456,2,At-Risk
LW-169904,34,6,2503,0,Loyal Customers
LW-171251,526,1,529,1,At-Risk
LW-171252,56,9,2043,0,Loyal Customers
LW-171253,42,3,341,2,At-Risk
LW-171254,206,3,412,2,At-Risk
LW-172151,44,8,2284,0,Loyal Customers
LW-172152,276,4,404,2,At-Risk
LW-172153,244,5,665,2,At-Risk
LW-172154,22,7,4162,3,Champions
LW-68251,57,5,255,2,At-Risk
LW-68252,33,6,281,2,At-Risk
LW-69901,24,3,45,2,At-Risk
LW-69902,15,8,505,0,Loyal Customers
LW-71251,34,5,1163,2,At-Risk
LW-71252,203,4,575,2,At-Risk
LW-72151,133,3,596,2,At-Risk
LW-72152,313,1,277,2,At-Risk
LW-72153,469,1,349,1,At-Risk
MA-175601,218,5,562,2,At-Risk
MA-175602,129,4,592,2,At-Risk
MA-175603,104,4,1859,2,At-Risk
MA-175604,65,11,399,0,Loyal Customers
MA-179951,120,6,1795,0,Loyal Customers
MA-179952,123,4,260,2,At-Risk
MA-179953,43,6,718,0,Loyal Customers
MA-179954,187,6,1902,0,Loyal Customers
MA-75601,233,1,30,2,At-Risk
MA-75602,861,3,811,1,At-Risk
MA-79951,356,8,343,0,Loyal Customers
MA-79952,139,1,130,2,At-Risk
MA-79953,17,2,49,2,At-Risk
MB-173051,191,4,6288,3,Champions
MB-173052,2,10,2978,3,Champions
MB-173053,106,3,272,2,At-Risk
MB-173054,49,10,857,0,Loyal Customers
MB-180851,113,4,5790,3,Champions
MB-180852,105,9,1485,0,Loyal Customers
MB-180853,84,10,2256,0,Loyal Customers
MB-180854,45,7,400,0,Loyal Customers
MB-73051,202,4,4047,3,Champions
MB-73052,23,4,357,2,At-Risk
MB-80851,12,2,105,2,At-Risk
MB-80852,92,6,413,2,At-Risk
MC-172751,45,9,2098,0,Loyal Customers
MC-172752,108,9,1986,0,Loyal Customers
MC-172753,143,8,2883,0,Loyal Customers
MC-172754,77,8,1177,0,Loyal Customers
MC-174251,24,10,4185,3,Champions
MC-174252,442,4,387,2,At-Risk
MC-174253,66,11,1995,0,Loyal Customers
MC-174254,400,5,1114,2,At-Risk
MC-175751,63,9,2706,0,Loyal Customers
MC-175752,140,6,1402,0,Loyal Customers
MC-175753,32,10,2269,0,Loyal Customers
MC-175754,28,8,949,0,Loyal Customers
MC-175901,203,1,1227,2,At-Risk
MC-175902,408,7,1131,0,Loyal Customers
MC-175903,71,11,1814,0,Loyal Customers
MC-175904,52,6,308,2,At-Risk
MC-176051,57,4,2741,0,Loyal Customers
MC-176052,470,6,1805,0,Loyal Customers
MC-176053,50,8,1893,0,Loyal Customers
MC-176054,113,8,1367,0,Loyal Customers
MC-176351,36,10,3886,3,Champions
MC-176352,321,7,1506,0,Loyal Customers
MC-176353,6,13,5097,3,Champions
MC-176354,190,4,722,2,At-Risk
MC-178451,9,10,4825,3,Champions
MC-178452,16,5,1402,0,Loyal Customers
MC-178453,71,9,1102,0,Loyal Customers
MC-178454,2,7,2316,0,Loyal Customers
MC-181001,62,8,2324,0,Loyal Customers
MC-181002,124,9,2452,0,Loyal Customers
MC-181003,43,6,451,2,At-Risk
MC-181004,42,10,1465,0,Loyal Customers
MC-181301,241,4,701,2,At-Risk
MC-181302,276,3,1080,2,At-Risk
MC-181303,52,11,1857,0,Loyal Customers
MC-181304,370,5,198,2,At-Risk
MC-72751,236,3,735,2,At-Risk
MC-72752,373,2,2818,2,At-Risk
MC-74251,36,4,872,2,At-Risk
MC-74252,110,1,111,2,At-Risk
MC-75751,10,3,181,2,At-Risk
MC-75752,44,5,1138,2,At-Risk
MC-75901,337,2,47,2,At-Risk
MC-75902,1029,1,75,1,At-Risk
MC-76051,1275,1,18,1,At-Risk
MC-76052,196,1,96,2,At-Risk
MC-76351,905,2,156,1,At-Risk
MC-76352,665,2,27,1,At-Risk
MC-78451,363,2,68,2,At-Risk
MC-78452,35,2,295,2,At-Risk
MC-81001,105,3,332,2,At-Risk
MC-81301,288,2,265,2,At-Risk
MC-81302,713,3,123,1,At-Risk
MD-173501,99,6,1312,0,Loyal Customers
MD-173502,340,4,970,2,At-Risk
MD-173503,27,13,6340,3,Champions
MD-173504,118,7,2209,0,Loyal Customers
MD-178601,156,9,8694,3,Champions
MD-178602,259,9,1374,0,Loyal Customers
MD-178603,77,5,1261,2,At-Risk
MD-178604,37,5,1102,2,At-Risk
MD-73501,237,3,168,2,At-Risk
MD-73502,468,1,26,1,At-Risk
MD-73503,83,2,592,2,At-Risk
MD-78601,104,5,4124,3,Champions
ME-173201,6,6,2452,0,Loyal Customers
ME-173202,55,10,2257,0,Loyal Customers
ME-173203,14,4,127,2,At-Risk
ME-173204,43,10,1331,0,Loyal Customers
ME-177251,62,9,1658,0,Loyal Customers
ME-177252,275,3,761,2,At-Risk
ME-177253,166,8,1235,0,Loyal Customers
ME-177254,29,8,1407,0,Loyal Customers
ME-180101,428,6,1479,0,Loyal Customers
ME-180102,43,11,1424,0,Loyal Customers
ME-180103,71,6,1382,0,Loyal Customers
ME-180104,93,4,182,2,At-Risk
ME-73201,205,4,404,2,At-Risk
ME-73202,21,6,864,0,Loyal Customers
ME-77251,12,4,274,2,At-Risk
ME-77252,324,1,204,2,At-Risk
ME-77253,14,6,910,0,Loyal Customers
ME-80101,393,1,161,2,At-Risk
MF-176651,242,7,519,0,Loyal Customers
MF-176652,52,10,2588,0,Loyal Customers
MF-176653,63,7,869,0,Loyal Customers
MF-176654,422,5,852,2,At-Risk
MF-182501,211,8,2129,0,Loyal Customers
MF-182502,40,13,1887,0,Loyal Customers
MF-182503,78,6,707,0,Loyal Customers
MF-182504,8,5,698,2,At-Risk
MF-76651,49,2,58,2,At-Risk
MF-76652,1156,1,104,1,At-Risk
MF-82501,702,1,25,1,At-Risk
MF-82502,63,5,359,2,At-Risk
MG-176501,20,5,1172,2,At-Risk
MG-176502,138,4,636,2,At-Risk
MG-176503,152,5,568,2,At-Risk
MG-176504,30,7,2446,0,Loyal Customers
MG-176801,37,13,5132,3,Champions
MG-176802,503,6,3577,3,Champions
MG-176803,86,5,739,2,At-Risk
MG-176804,93,4,1704,2,At-Risk
MG-176951,1,11,1185,0,Loyal Customers
MG-176952,35,6,1126,0,Loyal Customers
MG-176953,199,5,483,2,At-Risk
MG-176954,556,3,1013,1,At-Risk
MG-178751,45,9,3045,3,Champions
MG-178752,52,11,3437,3,Champions
MG-178753,6,8,848,0,Loyal Customers
MG-178754,117,5,1186,2,At-Risk
MG-178901,27,8,5188,3,Champions
MG-178902,6,9,1147,0,Loyal Customers
MG-178903,188,3,1483,2,At-Risk
MG-178904,100,9,422,0,Loyal Customers
MG-181451,34,5,3170,0,Loyal Customers
MG-181452,38,4,6293,3,Champions
MG-181453,3,11,1998,0,Loyal Customers
MG-181454,85,4,2151,2,At-Risk
MG-182051,27,7,1478,0,Loyal Customers
MG-182052,3,11,2694,0,Loyal Customers
MG-182053,17,10,2421,0,Loyal Customers
MG-182054,265,1,4,2,At-Risk
MG-76501,496,1,302,1,At-Risk
MG-76801,75,5,1361,2,At-Risk
MG-76802,189,4,566,2,At-Risk
MG-76951,342,3,386,2,At-Risk
MG-76952,336,4,124,2,At-Risk
MG-78751,404,1,30,2,At-Risk
MG-78901,374,1,19,2,At-Risk
MG-81451,282,2,406,2,At-Risk
MG-81452,1345,1,281,1,At-Risk
MG-82051,370,3,237,2,At-Risk
MG-82052,610,1,15,1,At-Risk
MG-82053,2,3,228,2,At-Risk
MH-172901,414,4,469,2,At-Risk
MH-172902,38,8,1801,0,Loyal Customers
MH-172903,98,7,1858,0,Loyal Customers
MH-172904,120,6,851,0,Loyal Customers
MH-174401,9,8,1073,0,Loyal Customers
MH-174402,45,8,915,0,Loyal Customers
MH-174403,147,5,225,2,At-Risk
MH-174404,377,4,296,2,At-Risk
MH-174551,180,6,1429,0,Loyal Customers
MH-174552,55,8,1059,0,Loyal Customers
MH-174553,409,5,611,2,At-Risk
MH-174554,86,8,2057,0,Loyal Customers
MH-176201,216,3,720,2,At-Risk
MH-176202,24,7,2368,0,Loyal Customers
MH-176203,105,6,1125,0,Loyal Customers
MH-176204,156,4,97,2,At-Risk
MH-177851,1,7,1674,0,Loyal Customers
MH-177852,16,5,2769,0,Loyal Customers
MH-177853,363,7,1486,0,Loyal Customers
MH-177854,99,7,800,0,Loyal Customers
MH-180251,927,1,24,1,At-Risk
MH-180252,74,8,2575,0,Loyal Customers
MH-180253,21,5,852,2,At-Risk
MH-180254,50,5,175,2,At-Risk
MH-181151,185,9,1053,0,Loyal Customers
MH-181152,19,4,821,2,At-Risk
MH-181153,208,4,729,2,At-Risk
MH-181154,6,9,1792,0,Loyal Customers
MH-72901,738,3,417,1,At-Risk
MH-74401,97,5,599,2,At-Risk
MH-74402,1115,1,6,1,At-Risk
MH-74403,698,2,189,1,At-Risk
MH-74551,108,4,418,2,At-Risk
MH-74552,93,6,743,0,Loyal Customers
MH-76201,246,2,54,2,At-Risk
MH-76202,763,1,26,1,At-Risk
MH-76203,483,4,634,2,At-Risk
MH-77851,78,7,1034,0,Loyal Customers
MH-77852,8,2,280,2,At-Risk
MH-80251,659,3,426,1,At-Risk
MH-80252,63,1,22,2,At-Risk
MH-80253,15,5,623,2,At-Risk
MH-81151,59,5,531,2,At-Risk
MH-81152,220,2,310,2,At-Risk
MJ-177401,22,9,3055,3,Champions
MJ-177402,54,4,1059,2,At-Risk
MJ-177403,95,6,1789,0,Loyal Customers
MJ-177404,23,7,1467,0,Loyal Customers
MJ-77401,160,2,827,2,At-Risk
MJ-77402,374,2,22,2,At-Risk
MK-179051,64,8,3067,3,Champions
MK-179052,22,5,1210,2,At-Risk
MK-179053,27,10,2939,3,Champions
MK-179054,29,8,968,0,Loyal Customers
MK-181601,34,7,893,0,Loyal Customers
MK-181602,23,5,1209,2,At-Risk
MK-181603,657,4,539,1,At-Risk
MK-181604,241,4,71,2,At-Risk
MK-79051,220,4,238,2,At-Risk
MK-79052,381,2,187,2,At-Risk
MK-79053,150,5,149,2,At-Risk
MK-81601,236,2,357,2,At-Risk
MK-81602,140,1,29,2,At-Risk
MK-81603,41,7,580,0,Loyal Customers
ML-173951,1,5,1709,0,Loyal Customers
ML-173952,576,4,523,1,At-Risk
ML-173953,381,7,972,0,Loyal Customers
ML-173954,70,9,1150,0,Loyal Customers
ML-174101,34,11,4423,3,Champions
ML-174102,166,5,1000,2,At-Risk
ML-174103,50,8,1420,0,Loyal Customers
ML-174104,55,6,1486,0,Loyal Customers
ML-177551,163,11,3707,3,Champions
ML-177552,2,6,4923,3,Champions
ML-177553,575,4,262,1,At-Risk
ML-177554,30,7,1828,0,Loyal Customers
ML-180401,322,5,1190,2,At-Risk
ML-180402,8,6,567,0,Loyal Customers
ML-180403,435,5,99,2,At-Risk
ML-180404,80,3,662,2,At-Risk
ML-182651,192,10,1472,0,Loyal Customers
ML-182652,189,9,1017,0,Loyal Customers
ML-182653,477,5,715,2,At-Risk
ML-182654,101,2,90,2,At-Risk
ML-73951,133,4,298,2,At-Risk
ML-73952,171,3,183,2,At-Risk
ML-74101,170,3,120,2,At-Risk
ML-77551,310,4,193,2,At-Risk
ML-77552,1289,1,51,1,At-Risk
ML-77553,27,2,122,2,At-Risk
ML-80401,45,4,228,2,At-Risk
ML-80402,279,1,73,2,At-Risk
ML-80403,224,2,104,2,At-Risk
ML-82651,422,5,935,2,At-Risk
ML-82652,9,4,139,2,At-Risk
MM-172601,79,10,1941,0,Loyal Customers
MM-172602,111,7,1302,0,Loyal Customers
MM-172603,5,5,1310,2,At-Risk
MM-172604,169,4,373,2,At-Risk
MM-179201,45,5,704,2,At-Risk
MM-179202,92,7,6105,3,Champions
MM-179203,14,10,628,0,Loyal Customers
MM-179204,8,11,1489,0,Loyal Customers
MM-180551,27,2,135,2,At-Risk
MM-180552,16,10,2584,0,Loyal Customers
MM-180553,205,5,412,2,At-Risk
MM-180554,62,8,1487,0,Loyal Customers
MM-182801,148,5,813,2,At-Risk
MM-182802,712,5,2666,1,At-Risk
MM-182803,13,6,1271,0,Loyal Customers
MM-182804,86,9,534,0,Loyal Customers
MM-72601,132,1,19,2,At-Risk
MM-72602,1460,1,314,1,At-Risk
MM-72603,297,3,144,2,At-Risk
MM-79201,84,5,363,2,At-Risk
MM-79202,29,1,382,2,At-Risk
MM-80551,603,2,525,1,At-Risk
MM-80552,34,6,513,2,At-Risk
MM-82801,143,3,650,2,At-Risk
MM-82802,72,7,957,0,Loyal Customers
MN-179351,110,4,1019,2,At-Risk
MN-179352,9,5,1638,0,Loyal Customers
MN-179353,120,6,589,2,At-Risk
MN-179354,35,6,200,2,At-Risk
MN-79351,31,3,71,2,At-Risk
MN-79352,658,3,2024,1,At-Risk
MO-175001,44,4,1084,2,At-Risk
MO-175002,148,5,1573,2,At-Risk
MO-175003,37,11,1103,0,Loyal Customers
MO-175004,73,4,200,2,At-Risk
MO-178001,7,7,5919,3,Champions
MO-178002,106,3,278,2,At-Risk
MO-178003,90,7,375,0,Loyal Customers
MO-178004,105,8,817,0,Loyal Customers
MO-179501,401,1,101,2,At-Risk
MO-179502,7,8,3433,3,Champions
MO-179503,77,3,266,2,At-Risk
MO-179504,181,2,56,2,At-Risk
MO-75001,736,3,580,1,At-Risk
MO-75002,282,2,150,2,At-Risk
MO-78001,31,6,1150,0,Loyal Customers
MO-78002,15,3,2250,2,At-Risk
MO-79501,664,1,542,1,At-Risk
MO-79502,99,2,52,2,At-Risk
MP-174701,43,6,1649,0,Loyal Customers
MP-174702,6,6,467,0,Loyal Customers
MP-174703,388,9,1185,0,Loyal Customers
MP-174704,720,7,850,1,At-Risk
MP-179651,108,7,1337,0,Loyal Customers
MP-179652,55,13,3295,3,Champions
MP-179653,28,10,960,0,Loyal Customers
MP-179654,73,9,1784,0,Loyal Customers
MP-181751,23,13,5470,3,Champions
MP-181752,248,8,2342,0,Loyal Customers
MP-181753,267,6,897,2,At-Risk
MP-181754,17,9,2522,0,Loyal Customers
MP-74701,544,2,49,1,At-Risk
MP-79651,450,5,295,2,At-Risk
MP-79652,197,3,73,2,At-Risk
MP-81751,169,3,360,2,At-Risk
MP-81752,91,3,286,2,At-Risk
MR-175451,98,8,2968,0,Loyal Customers
MR-175452,152,8,2040,0,Loyal Customers
MR-175453,201,3,1085,2,At-Risk
MR-175454,126,4,255,2,At-Risk
MR-75451,293,3,63,2,At-Risk
MR-75452,101,3,196,2,At-Risk
MS-173651,28,7,3447,3,Champions
MS-173652,6,5,1440,0,Loyal Customers
MS-173653,37,12,1104,0,Loyal Customers
MS-173654,274,10,530,0,Loyal Customers
MS-175301,71,7,4619,3,Champions
MS-175302,16,6,2964,0,Loyal Customers
MS-175303,192,8,1733,0,Loyal Customers
MS-175304,435,4,355,2,At-Risk
MS-177101,30,7,314,0,Loyal Customers
MS-177102,34,6,3068,0,Loyal Customers
MS-177103,30,7,271,0,Loyal Customers
MS-177104,414,6,547,2,At-Risk
MS-177701,152,7,3882,3,Champions
MS-177702,50,11,1671,0,Loyal Customers
MS-177703,35,9,1451,0,Loyal Customers
MS-177704,122,9,970,0,Loyal Customers
MS-178301,64,6,740,0,Loyal Customers
MS-178302,24,7,2518,0,Loyal Customers
MS-178303,73,9,1331,0,Loyal Customers
MS-178304,453,4,339,2,At-Risk
MS-179801,322,5,223,2,At-Risk
MS-179802,143,6,4904,3,Champions
MS-179803,70,10,1836,0,Loyal Customers
MS-179804,27,6,481,2,At-Risk
MS-73651,225,4,457,2,At-Risk
MS-73652,112,1,133,2,At-Risk
MS-75301,938,1,26,1,At-Risk
MS-75302,52,7,507,0,Loyal Customers
MS-77101,64,2,164,2,At-Risk
MS-77102,282,6,1084,0,Loyal Customers
MS-77701,99,4,217,2,At-Risk
MS-77702,127,2,83,2,At-Risk
MS-78301,140,3,294,2,At-Risk
MS-78302,5,5,3563,3,Champions
MS-79801,7,2,63,2,At-Risk
MS-79802,279,3,689,2,At-Risk
MT-178151,148,9,1908,0,Loyal Customers
MT-178152,94,7,1663,0,Loyal Customers
MT-178153,64,5,1321,2,At-Risk
MT-178154,50,6,435,2,At-Risk
MT-180701,210,10,1153,0,Loyal Customers
MT-180702,128,7,2519,0,Loyal Customers
MT-180703,265,3,64,2,At-Risk
MT-180704,204,4,79,2,At-Risk
MT-78151,527,2,277,1,At-Risk
MT-78152,177,4,498,2,At-Risk
MT-80701,324,3,539,2,At-Risk
MT-80702,621,4,326,1,At-Risk
MV-174851,20,5,674,2,At-Risk
MV-174852,17,9,1875,0,Loyal Customers
MV-174853,112,4,1202,2,At-Risk
MV-174854,28,9,981,0,Loyal Customers
MV-181901,100,8,7460,3,Champions
MV-181902,59,10,1856,0,Loyal Customers
MV-181903,91,5,1164,2,At-Risk
MV-181904,20,7,1220,0,Loyal Customers
MV-74851,471,2,248,1,At-Risk
MV-74852,820,3,317,1,At-Risk
MV-81901,8,4,3016,0,Loyal Customers
MV-81902,461,4,492,2,At-Risk
MW-182201,149,5,4643,3,Champions
MW-182202,69,5,459,2,At-Risk
MW-182203,275,11,1381,0,Loyal Customers
MW-182204,18,7,1532,0,Loyal Customers
MW-182351,17,8,2109,0,Loyal Customers
MW-182352,195,7,723,0,Loyal Customers
MW-182353,64,7,1732,0,Loyal Customers
MW-182354,45,2,4636,3,Champions
MW-82201,513,4,220,1,At-Risk
MW-82202,45,4,938,2,At-Risk
MW-82351,1,5,506,2,At-Risk
MW-82352,785,1,397,1,At-Risk
MY-173801,212,7,1568,0,Loyal Customers
MY-173802,54,9,3326,3,Champions
MY-173803,48,5,719,2,At-Risk
MY-173804,30,7,1133,0,Loyal Customers
MY-182951,1,6,1493,0,Loyal Customers
MY-182952,44,8,1421,0,Loyal Customers
MY-182953,15,4,2009,2,At-Risk
MY-182954,72,11,2491,0,Loyal Customers
MY-73801,950,2,98,1,At-Risk
MY-73802,323,2,1582,2,At-Risk
MY-82951,44,6,496,2,At-Risk
MY-82952,510,4,791,1,At-Risk
MZ-173351,22,6,1748,0,Loyal Customers
MZ-173352,156,7,1672,0,Loyal Customers
MZ-173353,37,9,2006,0,Loyal Customers
MZ-173354,31,4,221,2,At-Risk
MZ-175151,45,10,1727,0,Loyal Customers
MZ-175152,44,6,886,0,Loyal Customers
MZ-175153,24,3,396,2,At-Risk
MZ-175154,283,6,420,2,At-Risk
MZ-73351,311,1,30,2,At-Risk
MZ-73352,113,4,3185,0,Loyal Customers
MZ-75151,120,6,612,2,At-Risk
MZ-75152,903,1,55,1,At-Risk
MZ-75153,79,2,117,2,At-Risk
NB-185801,548,3,1193,1,At-Risk
NB-185802,639,2,1409,1,At-Risk
NB-185803,453,3,1287,2,At-Risk
NB-185804,1167,2,274,1,At-Risk
NB-186551,386,5,1184,2,At-Risk
NB-186552,39,5,1011,2,At-Risk
NB-186553,174,3,392,2,At-Risk
NB-186554,20,9,1551,0,Loyal Customers
NB-85801,429,4,294,2,At-Risk
NB-85802,1284,1,100,1,At-Risk
NB-85803,637,2,258,1,At-Risk
NB-86551,1097,2,66,1,At-Risk
NB-86552,111,3,154,2,At-Risk
NC-183401,215,10,4993,3,Champions
NC-183402,6,4,501,2,At-Risk
NC-183403,205,3,1888,2,At-Risk
NC-183404,225,5,218,2,At-Risk
NC-184151,428,4,444,2,At-Risk
NC-184152,190,4,2335,2,At-Risk
NC-184153,40,5,926,2,At-Risk
NC-184154,42,6,1772,0,Loyal Customers
NC-185351,81,5,1046,2,At-Risk
NC-185352,304,7,397,0,Loyal Customers
NC-185353,75,3,1092,2,At-Risk
NC-185354,7,7,1530,0,Loyal Customers
NC-186251,21,15,8462,3,Champions
NC-186252,56,6,600,0,Loyal Customers
NC-186253,108,3,1256,2,At-Risk
NC-186254,205,5,1571,2,At-Risk
NC-83401,36,5,1621,0,Loyal Customers
NC-83402,197,1,40,2,At-Risk
NC-83403,470,3,199,2,At-Risk
NC-84151,197,2,279,2,At-Risk
NC-84152,107,3,182,2,At-Risk
NC-85351,294,3,347,2,At-Risk
NC-85352,139,4,354,2,At-Risk
NC-86251,462,1,48,1,At-Risk
NC-86252,1156,1,103,1,At-Risk
ND-183701,108,3,421,2,At-Risk
ND-183702,393,3,1685,2,At-Risk
ND-183703,13,8,722,0,Loyal Customers
ND-183704,28,9,1248,0,Loyal Customers
ND-184601,6,5,853,2,At-Risk
ND-184602,147,6,1856,0,Loyal Customers
ND-184603,163,5,1815,0,Loyal Customers
ND-184604,184,6,2587,0,Loyal Customers
ND-83701,34,2,115,2,At-Risk
ND-83702,49,4,1066,2,At-Risk
ND-84601,9,5,94,2,At-Risk
ND-84602,838,1,41,1,At-Risk
ND-84603,26,4,556,2,At-Risk
NF-183851,41,10,4601,3,Champions
NF-183852,8,13,5836,3,Champions
NF-183853,283,2,445,2,At-Risk
NF-183854,80,7,2650,0,Loyal Customers
NF-184751,451,6,1296,2,At-Risk
NF-184752,7,8,369,0,Loyal Customers
NF-184753,267,4,201,2,At-Risk
NF-184754,526,4,377,1,At-Risk
NF-185951,220,4,2552,2,At-Risk
NF-185952,587,4,847,1,At-Risk
NF-185953,12,7,842,0,Loyal Customers
NF-185954,115,7,886,0,Loyal Customers
NF-83851,2,7,1192,0,Loyal Customers
NF-83852,552,1,47,1,At-Risk
NF-83853,50,3,1038,2,At-Risk
NF-84751,44,2,41,2,At-Risk
NF-84752,821,1,206,1,At-Risk
NF-84753,115,4,445,2,At-Risk
NF-85951,513,2,126,1,At-Risk
NF-85952,517,3,523,1,At-Risk
NG-183551,217,3,433,2,At-Risk
NG-183552,61,6,734,0,Loyal Customers
NG-183553,188,7,2592,0,Loyal Customers
NG-183554,49,5,1199,2,At-Risk
NG-184301,48,10,6967,3,Champions
NG-184302,28,8,1402,0,Loyal Customers
NG-184303,72,5,1221,2,At-Risk
NG-184304,49,5,557,2,At-Risk
NG-83551,1064,2,101,1,At-Risk
NG-83552,696,2,20,1,At-Risk
NG-83553,104,3,157,2,At-Risk
NG-84301,38,3,181,2,At-Risk
NG-84302,440,1,617,1,At-Risk
NG-84303,19,4,2001,2,At-Risk
NH-186101,21,9,816,0,Loyal Customers
NH-186102,71,5,721,2,At-Risk
NH-186103,489,1,146,1,At-Risk
NH-186104,190,7,1827,0,Loyal Customers
NH-86101,72,2,31,2,At-Risk
NH-86102,940,1,847,1,At-Risk
NH-86103,6,3,988,2,At-Risk
NK-184901,216,5,1906,0,Loyal Customers
NK-184902,27,6,1000,0,Loyal Customers
NK-184903,238,6,732,2,At-Risk
NK-184904,71,7,136,0,Loyal Customers
NK-84901,207,4,170,2,At-Risk
NL-183101,87,9,3930,3,Champions
NL-183102,26,6,1548,0,Loyal Customers
NL-183103,62,6,455,2,At-Risk
NL-183104,59,4,228,2,At-Risk
NL-83101,576,1,76,1,At-Risk
NL-83102,781,1,19,1,At-Risk
NM-184451,86,11,3160,3,Champions
NM-184452,152,5,1053,2,At-Risk
NM-184453,31,9,1951,0,Loyal Customers
NM-184454,161,7,618,0,Loyal Customers
NM-185201,107,8,2548,0,Loyal Customers
NM-185202,20,5,822,2,At-Risk
NM-185203,47,4,492,2,At-Risk
NM-185204,245,10,439,0,Loyal Customers
NM-84451,367,3,164,2,At-Risk
NM-84452,920,1,18,1,At-Risk
NM-84453,34,5,1812,0,Loyal Customers
NM-85201,159,1,19,2,At-Risk
NP-183251,2,6,863,0,Loyal Customers
NP-183252,56,7,322,0,Loyal Customers
NP-183253,154,6,2217,0,Loyal Customers
NP-183254,26,6,423,2,At-Risk
NP-186701,63,4,606,2,At-Risk
NP-186702,192,8,1202,0,Loyal Customers
NP-186703,419,2,823,2,At-Risk
NP-186704,59,5,712,2,At-Risk
NP-186851,128,6,1922,0,Loyal Customers
NP-186852,140,6,326,2,At-Risk
NP-186853,15,12,1859,0,Loyal Customers
NP-186854,407,6,1211,2,At-Risk
NP-187001,30,6,569,0,Loyal Customers
NP-187002,29,8,1997,0,Loyal Customers
NP-187003,194,6,1067,0,Loyal Customers
NP-187004,139,7,3057,0,Loyal Customers
NP-83251,16,3,125,2,At-Risk
NP-83252,864,1,145,1,At-Risk
NP-83253,397,4,587,2,At-Risk
NP-86701,227,2,1954,2,At-Risk
NP-86702,483,4,863,2,At-Risk
NP-86851,115,3,757,2,At-Risk
NP-86852,280,1,95,2,At-Risk
NP-87001,192,4,586,2,At-Risk
NP-87002,38,2,238,2,At-Risk
NR-185501,3,10,3271,3,Champions
NR-185502,257,4,992,2,At-Risk
NR-185503,83,7,1023,0,Loyal Customers
NR-185504,211,5,1140,2,At-Risk
NR-85501,60,3,94,2,At-Risk
NR-85502,15,5,555,2,At-Risk
NS-185051,295,4,815,2,At-Risk
NS-185052,63,6,1298,0,Loyal Customers
NS-185053,62,11,1379,0,Loyal Customers
NS-185054,7,4,1488,2,At-Risk
NS-186401,49,6,1808,0,Loyal Customers
NS-186402,37,10,3723,3,Champions
NS-186403,57,8,896,0,Loyal Customers
NS-186404,175,13,1436,0,Loyal Customers
NS-85051,14,3,140,2,At-Risk
NS-85052,198,2,62,2,At-Risk
NS-86401,48,4,540,2,At-Risk
NS-86402,134,4,888,2,At-Risk
NW-184001,236,8,831,0,Loyal Customers
NW-184002,182,4,1380,2,At-Risk
NW-184003,335,7,1873,0,Loyal Customers
NW-184004,173,7,1990,0,Loyal Customers
NW-84001,1240,1,5100,1,At-Risk
NW-84002,678,1,19,1,At-Risk
NW-84003,118,5,485,2,At-Risk
NZ-185651,233,8,4944,3,Champions
NZ-185652,110,5,248,2,At-Risk
NZ-185653,387,4,485,2,At-Risk
NZ-185654,86,9,645,0,Loyal Customers
NZ-85651,100,4,276,2,At-Risk
ON-187151,126,7,1917,0,Loyal Customers
ON-187152,48,11,1105,0,Loyal Customers
ON-187153,429,6,860,2,At-Risk
ON-187154,411,9,1051,0,Loyal Customers
ON-87151,1000,2,346,1,At-Risk
ON-87152,460,3,820,2,At-Risk
OT-187301,34,11,2519,0,Loyal Customers
OT-187302,42,8,1054,0,Loyal Customers
OT-187303,119,8,1705,0,Loyal Customers
OT-187304,66,5,726,2,At-Risk
OT-87301,472,2,220,1,At-Risk
OT-87302,243,2,42,2,At-Risk
PA-190601,51,5,219,2,At-Risk
PA-190602,75,3,1498,2,At-Risk
PA-190603,24,7,1363,0,Loyal Customers
PA-190604,104,6,628,2,At-Risk
PA-90601,405,3,3181,2,At-Risk
PA-90602,178,3,334,2,At-Risk
PB-188051,9,5,2365,0,Loyal Customers
PB-188052,360,6,1209,0,Loyal Customers
PB-188053,73,5,598,2,At-Risk
PB-188054,26,3,296,2,At-Risk
PB-191051,89,4,2337,2,At-Risk
PB-191052,527,5,777,1,At-Risk
PB-191053,139,3,663,2,At-Risk
PB-191054,58,4,676,2,At-Risk
PB-191501,68,5,279,2,At-Risk
PB-191502,104,8,823,0,Loyal Customers
PB-191503,6,12,2555,0,Loyal Customers
PB-191504,98,8,1207,0,Loyal Customers
PB-192101,33,8,3994,3,Champions
PB-192102,9,10,1541,0,Loyal Customers
PB-192103,152,7,1699,0,Loyal Customers
PB-192104,689,2,133,1,At-Risk
PB-88051,121,2,221,2,At-Risk
PB-88052,730,2,620,1,At-Risk
PB-88053,343,5,362,2,At-Risk
PB-91051,1,4,364,2,At-Risk
PB-91501,42,3,29,2,At-Risk
PB-91502,143,7,850,0,Loyal Customers
PB-92101,318,2,244,2,At-Risk
PB-92102,308,5,792,2,At-Risk
PC-187451,83,7,1638,0,Loyal Customers
PC-187452,22,5,705,2,At-Risk
PC-187453,790,5,1395,1,At-Risk
PC-187454,3,4,1762,2,At-Risk
PC-190001,22,9,706,0,Loyal Customers
PC-190002,33,5,661,2,At-Risk
PC-190003,51,2,157,2,At-Risk
PC-190004,883,2,57,1,At-Risk
PC-87451,58,2,85,2,At-Risk
PC-87452,416,3,101,2,At-Risk
PC-90001,573,3,810,1,At-Risk
PC-90002,1004,1,120,1,At-Risk
PF-191201,94,8,11981,3,Champions
PF-191202,85,8,1735,0,Loyal Customers
PF-191203,98,8,586,0,Loyal Customers
PF-191204,836,4,598,1,At-Risk
PF-191651,92,13,1750,0,Loyal Customers
PF-191652,345,9,3749,3,Champions
PF-191653,323,8,1298,0,Loyal Customers
PF-191654,197,6,1201,0,Loyal Customers
PF-192251,3,10,2126,0,Loyal Customers
PF-192252,24,11,1413,0,Loyal Customers
PF-192253,23,4,2343,0,Loyal Customers
PF-192254,115,5,1281,2,At-Risk
PF-91201,301,3,457,2,At-Risk
PF-91202,414,1,60,2,At-Risk
PF-91203,84,6,246,2,At-Risk
PF-91651,35,3,146,2,At-Risk
PF-91652,126,4,476,2,At-Risk
PF-92251,15,3,156,2,At-Risk
PF-92252,484,4,668,2,At-Risk
PG-188201,36,11,2485,0,Loyal Customers
PG-188202,623,3,293,1,At-Risk
PG-188203,21,8,512,0,Loyal Customers
PG-188204,37,13,995,0,Loyal Customers
PG-188951,202,8,2431,0,Loyal Customers
PG-188952,3,7,901,0,Loyal Customers
PG-188953,576,4,259,1,At-Risk
PG-188954,58,9,580,0,Loyal Customers
PG-88201,1443,1,418,1,At-Risk
PG-88202,31,5,665,2,At-Risk
PG-88951,300,3,159,2,At-Risk
PG-88952,939,3,138,1,At-Risk
PH-187901,58,9,2894,0,Loyal Customers
PH-187902,798,1,184,1,At-Risk
PH-187903,122,8,1896,0,Loyal Customers
PH-187904,71,1,684,2,At-Risk
PH-87901,115,4,177,2,At-Risk
PH-87902,185,4,1311,2,At-Risk
PJ-188351,104,3,1490,2,At-Risk
PJ-188352,115,3,8186,3,Champions
PJ-188353,51,5,1056,2,At-Risk
PJ-188354,40,8,990,0,Loyal Customers
PJ-190151,20,4,713,2,At-Risk
PJ-190152,43,5,2124,0,Loyal Customers
PJ-190153,84,6,1020,0,Loyal Customers
PJ-190154,135,7,1666,0,Loyal Customers
PJ-88351,301,3,514,2,At-Risk
PJ-88352,43,3,146,2,At-Risk
PJ-90151,516,2,429,1,At-Risk
PJ-90152,197,6,1153,0,Loyal Customers
PK-189101,210,4,949,2,At-Risk
PK-189102,426,2,802,2,At-Risk
PK-189103,99,8,1190,0,Loyal Customers
PK-189104,484,2,300,1,At-Risk
PK-190751,176,5,2147,0,Loyal Customers
PK-190752,37,6,1579,0,Loyal Customers
PK-190753,9,6,689,0,Loyal Customers
PK-190754,10,12,1757,0,Loyal Customers
PK-89101,122,4,208,2,At-Risk
PK-90751,495,1,31,1,At-Risk
PK-90752,548,2,93,1,At-Risk
PL-189251,50,9,5263,3,Champions
PL-189252,586,3,1631,1,At-Risk
PL-189253,59,3,183,2,At-Risk
PL-189254,16,5,155,2,At-Risk
PL-89251,360,2,232,2,At-Risk
PL-89252,50,1,231,2,At-Risk
PM-189401,735,4,4334,3,Champions
PM-189402,22,7,429,0,Loyal Customers
PM-189403,30,9,1357,0,Loyal Customers
PM-189404,387,3,1303,2,At-Risk
PM-191351,574,4,1514,1,At-Risk
PM-191352,37,9,716,0,Loyal Customers
PM-191353,13,5,364,2,At-Risk
PM-191354,52,4,313,2,At-Risk
PM-89401,56,4,382,2,At-Risk
PM-89402,678,5,422,1,At-Risk
PM-91351,302,4,477,2,At-Risk
PM-91352,997,2,681,1,At-Risk
PN-187751,16,9,1606,0,Loyal Customers
PN-187752,108,13,2156,0,Loyal Customers
PN-187753,513,3,794,1,At-Risk
PN-187754,31,8,1266,0,Loyal Customers
PN-87751,214,3,502,2,At-Risk
PN-87752,54,2,471,2,At-Risk
PO-188501,35,8,942,0,Loyal Customers
PO-188502,106,12,1266,0,Loyal Customers
PO-188503,13,10,2113,0,Loyal Customers
PO-188504,5,11,2341,0,Loyal Customers
PO-188651,176,8,2033,0,Loyal Customers
PO-188652,64,10,6895,3,Champions
PO-188653,296,10,1708,0,Loyal Customers
PO-188654,1,7,1108,0,Loyal Customers
PO-191801,211,7,3215,3,Champions
PO-191802,604,4,561,1,At-Risk
PO-191803,223,4,1531,2,At-Risk
PO-191804,161,9,2815,0,Loyal Customers
PO-191951,219,7,2294,0,Loyal Customers
PO-191952,399,3,174,2,At-Risk
PO-191953,370,6,455,2,At-Risk
PO-191954,87,5,527,2,At-Risk
PO-88501,406,2,49,2,At-Risk
PO-88502,128,2,358,2,At-Risk
PO-88651,353,4,64,2,At-Risk
PO-88652,941,1,198,1,At-Risk
PO-88653,1186,1,83,1,At-Risk
PO-91801,30,3,75,2,At-Risk
PO-91802,596,2,88,1,At-Risk
PO-91803,503,4,228,1,At-Risk
PO-91951,34,4,759,2,At-Risk
PO-91952,749,1,27,1,At-Risk
PO-91953,259,3,155,2,At-Risk
PP-189551,55,8,4469,3,Champions
PP-189552,370,6,1209,0,Loyal Customers
PP-189553,56,6,533,2,At-Risk
PP-189554,98,10,1275,0,Loyal Customers
PP-89551,1065,2,61,1,At-Risk
PP-89552,15,1,80,2,At-Risk
PR-188801,110,8,1894,0,Loyal Customers
PR-188802,120,9,2485,0,Loyal Customers
PR-188803,26,7,1805,0,Loyal Customers
PR-188804,37,5,457,2,At-Risk
PR-88801,197,2,207,2,At-Risk
PR-88802,738,1,122,1,At-Risk
PR-88803,1226,2,271,1,At-Risk
PS-187601,30,8,3533,3,Champions
PS-187602,191,6,4538,3,Champions
PS-187603,36,8,1802,0,Loyal Customers
PS-187604,108,6,354,2,At-Risk
PS-189701,28,6,2551,0,Loyal Customers
PS-189702,191,12,2423,0,Loyal Customers
PS-189703,160,7,3458,3,Champions
PS-189704,70,8,606,0,Loyal Customers
PS-190451,90,7,1904,0,Loyal Customers
PS-190452,139,4,372,2,At-Risk
PS-190453,21,8,521,0,Loyal Customers
PS-190454,237,7,3575,3,Champions
PS-87601,348,1,265,2,At-Risk
PS-87602,498,4,1003,2,At-Risk
PS-89701,923,2,57,1,At-Risk
PS-89702,125,2,1331,2,At-Risk
PS-90451,62,3,341,2,At-Risk
PS-90452,180,4,238,2,At-Risk
PT-190901,125,6,1648,0,Loyal Customers
PT-190902,147,7,1699,0,Loyal Customers
PT-190903,7,8,2430,0,Loyal Customers
PT-190904,72,4,144,2,At-Risk
PT-90901,251,1,135,2,At-Risk
PT-90902,3,4,1873,2,At-Risk
PV-189851,9,9,1663,0,Loyal Customers
PV-189852,22,7,1093,0,Loyal Customers
PV-189853,65,7,2912,0,Loyal Customers
PV-189854,90,5,2648,0,Loyal Customers
PV-89851,145,4,2693,0,Loyal Customers
PV-89852,203,2,1349,2,At-Risk
PW-190301,66,9,812,0,Loyal Customers
PW-190302,8,8,1858,0,Loyal Customers
PW-190303,478,4,1522,2,At-Risk
PW-190304,47,10,949,0,Loyal Customers
PW-192401,404,5,201,2,At-Risk
PW-192402,2,5,289,2,At-Risk
PW-192403,101,7,350,0,Loyal Customers
PW-192404,465,7,3478,3,Champions
PW-90301,58,3,325,2,At-Risk
PW-90302,561,4,349,1,At-Risk
PW-92401,62,4,771,2,At-Risk
PW-92402,566,3,140,1,At-Risk
QJ-192551,87,4,1266,2,At-Risk
QJ-192552,374,3,2683,2,At-Risk
QJ-192553,115,7,1127,0,Loyal Customers
QJ-192554,26,9,5731,3,Champions
QJ-92551,62,2,31,2,At-Risk
QJ-92552,127,3,57,2,At-Risk
RA-192851,500,2,539,1,At-Risk
RA-192852,47,8,5484,3,Champions
RA-192853,339,5,605,2,At-Risk
RA-192854,6,9,785,0,Loyal Customers
RA-198851,336,5,651,2,At-Risk
RA-198852,266,7,940,0,Loyal Customers
RA-198853,482,4,1196,2,At-Risk
RA-198854,44,7,2286,0,Loyal Customers
RA-199151,143,6,1211,0,Loyal Customers
RA-199152,125,4,1320,2,At-Risk
RA-199153,28,8,3914,3,Champions
RA-199154,13,9,1342,0,Loyal Customers
RA-199451,2,4,581,2,At-Risk
RA-199452,24,7,3600,3,Champions
RA-199453,84,7,3526,3,Champions
RA-199454,62,5,846,2,At-Risk
RA-92851,255,7,921,0,Loyal Customers
RA-92852,498,1,20,1,At-Risk
RA-92853,363,6,2533,0,Loyal Customers
RA-98851,700,1,30,1,At-Risk
RA-98852,1056,2,38,1,At-Risk
RA-98853,126,5,132,2,At-Risk
RA-99151,140,1,201,2,At-Risk
RA-99152,588,1,137,1,At-Risk
RA-99451,21,6,727,0,Loyal Customers
RA-99452,213,3,442,2,At-Risk
RB-193301,142,8,1223,0,Loyal Customers
RB-193302,16,12,4774,3,Champions
RB-193303,44,10,2437,0,Loyal Customers
RB-193304,69,2,668,2,At-Risk
RB-193601,21,8,4693,3,Champions
RB-193602,76,6,551,2,At-Risk
RB-193603,174,5,286,2,At-Risk
RB-193604,97,6,244,2,At-Risk
RB-194351,69,6,1285,0,Loyal Customers
RB-194352,131,3,93,2,At-Risk
RB-194353,61,11,701,0,Loyal Customers
RB-194354,20,8,318,0,Loyal Customers
RB-194651,15,9,4684,3,Champions
RB-194652,114,5,612,2,At-Risk
RB-194653,1,10,1722,0,Loyal Customers
RB-194654,10,12,3417,3,Champions
RB-195701,164,2,1330,2,At-Risk
RB-195702,189,10,2249,0,Loyal Customers
RB-195703,21,8,1354,0,Loyal Customers
RB-195704,26,5,333,2,At-Risk
RB-196451,151,3,2110,2,At-Risk
RB-196452,321,6,1129,0,Loyal Customers
RB-196453,299,8,679,0,Loyal Customers
RB-196454,649,5,147,1,At-Risk
RB-197051,134,5,786,2,At-Risk
RB-197052,17,3,325,2,At-Risk
RB-197053,445,4,817,2,At-Risk
RB-197054,55,4,328,2,At-Risk
RB-197951,114,8,2005,0,Loyal Customers
RB-197952,193,5,592,2,At-Risk
RB-197953,94,14,2286,0,Loyal Customers
RB-197954,33,8,2545,0,Loyal Customers
RB-93301,113,5,2033,0,Loyal Customers
RB-93302,140,3,1346,2,At-Risk
RB-93601,531,2,52,1,At-Risk
RB-93602,94,2,233,2,At-Risk
RB-94351,217,2,215,2,At-Risk
RB-94352,485,4,1572,2,At-Risk
RB-94651,1212,1,26,1,At-Risk
RB-94652,288,2,400,2,At-Risk
RB-95701,941,2,203,1,At-Risk
RB-95702,447,3,259,2,At-Risk
RB-96451,476,1,147,1,At-Risk
RB-96452,240,2,135,2,At-Risk
RB-97051,183,7,1094,0,Loyal Customers
RB-97052,150,1,112,2,At-Risk
RB-97053,248,4,406,2,At-Risk
RB-97951,31,2,68,2,At-Risk
RB-97952,182,3,188,2,At-Risk
RC-198251,669,4,690,1,At-Risk
RC-198252,241,7,1315,0,Loyal Customers
RC-198253,119,8,1098,0,Loyal Customers
RC-198254,370,6,579,2,At-Risk
RC-199601,143,5,1123,2,At-Risk
RC-199602,518,7,1235,0,Loyal Customers
RC-199603,23,4,155,2,At-Risk
RC-199604,111,6,541,2,At-Risk
RC-98251,742,1,37,1,At-Risk
RC-99601,113,4,1528,2,At-Risk
RC-99602,897,1,31,1,At-Risk
RD-194801,261,2,815,2,At-Risk
RD-194802,1,7,3432,3,Champions
RD-194803,64,10,1544,0,Loyal Customers
RD-194804,73,8,2223,0,Loyal Customers
RD-195851,360,7,1843,0,Loyal Customers
RD-195852,26,9,2097,0,Loyal Customers
RD-195853,41,5,949,2,At-Risk
RD-195854,181,10,1106,0,Loyal Customers
RD-196601,94,7,3701,3,Champions
RD-196602,239,4,2323,2,At-Risk
RD-196603,273,5,555,2,At-Risk
RD-196604,115,5,2787,0,Loyal Customers
RD-197201,48,6,760,0,Loyal Customers
RD-197202,63,9,2022,0,Loyal Customers
RD-197203,555,5,248,1,At-Risk
RD-197204,22,10,388,0,Loyal Customers
RD-198101,45,10,1172,0,Loyal Customers
RD-198102,913,5,618,1,At-Risk
RD-198103,107,7,1315,0,Loyal Customers
RD-198104,15,8,302,0,Loyal Customers
RD-199001,275,6,2620,0,Loyal Customers
RD-199002,498,1,23,1,At-Risk
RD-199003,33,13,2645,0,Loyal Customers
RD-199004,115,9,353,0,Loyal Customers
RD-199301,101,6,3053,0,Loyal Customers
RD-199302,1148,2,37,1,At-Risk
RD-199303,188,10,1922,0,Loyal Customers
RD-199304,43,4,793,2,At-Risk
RD-94801,206,3,112,2,At-Risk
RD-94802,48,1,91,2,At-Risk
RD-94803,828,2,136,1,At-Risk
RD-95851,36,6,809,0,Loyal Customers
RD-95852,111,1,9,2,At-Risk
RD-96601,28,4,1016,2,At-Risk
RD-96602,1374,1,5,1,At-Risk
RD-96603,375,4,157,2,At-Risk
RD-97201,71,4,1026,2,At-Risk
RD-97202,59,4,315,2,At-Risk
RD-98101,54,5,2992,0,Loyal Customers
RD-98102,238,2,59,2,At-Risk
RD-99001,152,5,151,2,At-Risk
RD-99002,93,5,246,2,At-Risk
RD-99301,162,6,2117,0,Loyal Customers
RD-99302,29,5,572,2,At-Risk
RE-194051,29,10,4589,3,Champions
RE-194052,129,3,499,2,At-Risk
RE-194053,36,7,1862,0,Loyal Customers
RE-194054,1099,1,48,1,At-Risk
RE-194501,24,7,3174,3,Champions
RE-194502,343,4,495,2,At-Risk
RE-194503,468,2,412,1,At-Risk
RE-194504,303,5,385,2,At-Risk
RE-94051,72,3,39,2,At-Risk
RE-94052,435,3,183,2,At-Risk
RE-94501,71,5,889,2,At-Risk
RE-94502,16,7,403,0,Loyal Customers
RF-193451,121,8,1449,0,Loyal Customers
RF-193452,93,5,1855,0,Loyal Customers
RF-193453,65,6,1250,0,Loyal Customers
RF-193454,391,8,1530,0,Loyal Customers
RF-197351,2,8,2427,0,Loyal Customers
RF-197352,182,3,404,2,At-Risk
RF-197353,23,5,764,2,At-Risk
RF-197354,90,7,1170,0,Loyal Customers
RF-198401,16,7,1130,0,Loyal Customers
RF-198402,20,7,571,0,Loyal Customers
RF-198403,10,9,1644,0,Loyal Customers
RF-198404,7,8,429,0,Loyal Customers
RF-93451,415,2,90,2,At-Risk
RF-93452,7,1,13,2,At-Risk
RF-93453,544,2,91,1,At-Risk
RF-97351,119,3,131,2,At-Risk
RF-98401,1137,1,74,1,At-Risk
RF-98402,139,5,338,2,At-Risk
RH-194951,113,8,1664,0,Loyal Customers
RH-194952,360,5,1807,2,At-Risk
RH-194953,25,10,2541,0,Loyal Customers
RH-194954,33,5,195,2,At-Risk
RH-195101,21,7,1344,0,Loyal Customers
RH-195102,161,5,637,2,At-Risk
RH-195103,108,7,348,0,Loyal Customers
RH-195104,468,6,967,2,At-Risk
RH-195551,73,5,2753,0,Loyal Customers
RH-195552,8,9,1919,0,Loyal Customers
RH-195553,121,5,887,2,At-Risk
RH-195554,520,2,35,1,At-Risk
RH-196001,185,3,512,2,At-Risk
RH-196002,49,8,784,0,Loyal Customers
RH-196003,7,7,721,0,Loyal Customers
RH-196004,535,3,455,1,At-Risk
RH-94951,422,1,2833,2,At-Risk
RH-94952,97,2,80,2,At-Risk
RH-95101,701,4,400,1,At-Risk
RH-95102,967,3,416,1,At-Risk
RH-95551,27,5,4231,3,Champions
RH-95552,30,3,421,2,At-Risk
RH-96001,517,4,120,1,At-Risk
RH-96002,908,1,1799,1,At-Risk
RH-96003,174,3,92,2,At-Risk
RK-193001,128,5,2374,0,Loyal Customers
RK-193002,309,5,678,2,At-Risk
RK-193003,86,13,1665,0,Loyal Customers
RK-193004,120,3,329,2,At-Risk
RK-93001,65,2,115,2,At-Risk
RK-93002,29,2,64,2,At-Risk
RL-196151,463,4,2022,2,At-Risk
RL-196152,121,4,682,2,At-Risk
RL-196153,476,7,2444,0,Loyal Customers
RL-196154,122,8,2531,0,Loyal Customers
RL-96151,266,3,69,2,At-Risk
RL-96152,268,5,347,2,At-Risk
RM-193751,19,8,2552,0,Loyal Customers
RM-193752,118,7,2435,0,Loyal Customers
RM-193753,280,4,410,2,At-Risk
RM-193754,346,6,1359,0,Loyal Customers
RM-196751,629,3,693,1,At-Risk
RM-196752,5,8,1433,0,Loyal Customers
RM-196753,35,3,1035,2,At-Risk
RM-196754,7,5,4583,3,Champions
RM-197501,48,6,553,0,Loyal Customers
RM-197502,210,3,2363,2,At-Risk
RM-197503,17,9,1448,0,Loyal Customers
RM-197504,300,1,26,2,At-Risk
RM-93751,10,4,293,2,At-Risk
RM-93752,885,3,208,1,At-Risk
RM-96751,37,1,198,2,At-Risk
RM-96752,107,1,201,2,At-Risk
RM-96753,142,6,1175,0,Loyal Customers
RM-97501,1191,1,34,1,At-Risk
RM-97502,41,6,762,0,Loyal Customers
RO-197801,122,10,4425,3,Champions
RO-197802,301,7,516,0,Loyal Customers
RO-197803,190,5,699,2,At-Risk
RO-197804,36,7,2595,0,Loyal Customers
RO-97801,5,7,783,0,Loyal Customers
RO-97802,1006,2,465,1,At-Risk
RP-192701,8,11,2223,0,Loyal Customers
RP-192702,266,6,546,2,At-Risk
RP-192703,301,5,74,2,At-Risk
RP-192704,497,4,192,1,At-Risk
RP-193901,16,7,3429,3,Champions
RP-193902,96,6,1051,0,Loyal Customers
RP-193903,34,9,1576,0,Loyal Customers
RP-193904,34,12,1248,0,Loyal Customers
RP-198551,22,5,2176,0,Loyal Customers
RP-198552,307,9,1488,0,Loyal Customers
RP-198553,423,5,879,2,At-Risk
RP-198554,29,8,1067,0,Loyal Customers
RP-92701,1130,2,117,1,At-Risk
RP-92702,287,4,424,2,At-Risk
RP-93901,271,5,3097,0,Loyal Customers
RP-93902,517,2,596,1,At-Risk
RP-98551,463,2,78,1,At-Risk
RP-98552,401,4,750,2,At-Risk
RR-193151,63,10,3350,3,Champions
RR-193152,182,5,1020,2,At-Risk
RR-193153,392,4,1001,2,At-Risk
RR-193154,20,2,527,2,At-Risk
RR-195251,328,6,1385,0,Loyal Customers
RR-195252,13,6,1103,0,Loyal Customers
RR-195253,1,9,1074,0,Loyal Customers
RR-195254,171,6,663,2,At-Risk
RR-93151,825,1,27,1,At-Risk
RR-93152,233,3,136,2,At-Risk
RR-95251,570,2,389,1,At-Risk
RR-95252,90,5,373,2,At-Risk
RS-194201,100,7,1137,0,Loyal Customers
RS-194202,100,9,3131,3,Champions
RS-194203,484,7,1072,0,Loyal Customers
RS-194204,77,5,1197,2,At-Risk
RS-197651,168,5,1349,2,At-Risk
RS-197652,44,4,2476,0,Loyal Customers
RS-197653,160,8,1733,0,Loyal Customers
RS-197654,37,8,2321,0,Loyal Customers
RS-198701,191,4,606,2,At-Risk
RS-198702,386,7,1178,0,Loyal Customers
RS-198703,78,7,2222,0,Loyal Customers
RS-198704,20,2,15,2,At-Risk
RS-94201,34,5,254,2,At-Risk
RS-94202,849,1,12,1,At-Risk
RS-94203,1177,1,19,1,At-Risk
RS-97651,146,4,916,2,At-Risk
RS-97652,124,2,290,2,At-Risk
RS-98701,21,4,382,2,At-Risk
RS-98702,324,4,323,2,At-Risk
RW-195401,43,8,4438,3,Champions
RW-195402,148,7,1750,0,Loyal Customers
RW-195403,44,3,999,2,At-Risk
RW-195404,121,7,4673,3,Champions
RW-196301,322,4,356,2,At-Risk
RW-196302,252,5,976,2,At-Risk
RW-196303,78,8,932,0,Loyal Customers
RW-196304,90,9,2242,0,Loyal Customers
RW-196901,237,8,3003,3,Champions
RW-196902,54,6,912,0,Loyal Customers
RW-196903,16,6,1089,0,Loyal Customers
RW-196904,80,5,344,2,At-Risk
RW-95401,27,4,856,2,At-Risk
RW-95402,1206,3,498,1,At-Risk
RW-96301,1154,1,59,1,At-Risk
RW-96302,400,1,14,2,At-Risk
RW-96901,1205,2,32,1,At-Risk
RW-96902,99,6,566,2,At-Risk
SA-108301,50,5,270,2,At-Risk
SA-108302,1192,1,55,1,At-Risk
SA-108303,11,4,308,2,At-Risk
SA-208301,216,9,1763,0,Loyal Customers
SA-208302,169,3,1187,2,At-Risk
SA-208303,169,8,1903,0,Loyal Customers
SA-208304,64,10,3231,3,Champions
SB-101701,344,2,37,2,At-Risk
SB-101702,27,3,200,2,At-Risk
SB-101851,79,5,433,2,At-Risk
SB-101852,1100,2,50,1,At-Risk
SB-102901,192,5,282,2,At-Risk
SB-201701,34,7,1884,0,Loyal Customers
SB-201702,3,3,804,2,At-Risk
SB-201703,629,2,68,1,At-Risk
SB-201704,202,3,444,2,At-Risk
SB-201851,75,3,742,2,At-Risk
SB-201852,136,13,3904,3,Champions
SB-201853,125,9,1853,0,Loyal Customers
SB-201854,189,6,1034,0,Loyal Customers
SB-202901,169,5,3302,3,Champions
SB-202902,42,3,4518,3,Champions
SB-202903,97,7,526,0,Loyal Customers
SB-202904,48,7,4765,3,Champions
SC-100201,265,1,48,2,At-Risk
SC-100202,408,3,110,2,At-Risk
SC-100501,346,3,186,2,At-Risk
SC-100502,43,4,222,2,At-Risk
SC-100951,226,4,261,2,At-Risk
SC-100952,612,3,75,1,At-Risk
SC-102301,195,2,111,2,At-Risk
SC-102302,1400,1,1619,1,At-Risk
SC-102601,146,1,374,2,At-Risk
SC-102602,142,6,334,2,At-Risk
SC-103051,428,5,181,2,At-Risk
SC-103052,17,2,93,2,At-Risk
SC-103801,276,2,236,2,At-Risk
SC-103802,605,2,99,1,At-Risk
SC-104401,414,3,243,2,At-Risk
SC-104402,93,1,195,2,At-Risk
SC-105751,374,2,126,2,At-Risk
SC-106801,506,2,137,1,At-Risk
SC-106802,190,2,1579,2,At-Risk
SC-106951,175,3,302,2,At-Risk
SC-106952,427,1,103,2,At-Risk
SC-107251,322,3,611,2,At-Risk
SC-107252,92,4,786,2,At-Risk
SC-107701,831,1,27,1,At-Risk
SC-107702,642,1,55,1,At-Risk
SC-107703,185,5,1289,2,At-Risk
SC-108001,360,1,57,2,At-Risk
SC-108002,841,1,27,1,At-Risk
SC-108451,552,1,30,1,At-Risk
SC-108452,54,3,754,2,At-Risk
SC-200201,91,12,2478,0,Loyal Customers
SC-200202,9,7,721,0,Loyal Customers
SC-200203,56,10,993,0,Loyal Customers
SC-200204,782,5,979,1,At-Risk
SC-200501,100,9,1096,0,Loyal Customers
SC-200502,112,5,911,2,At-Risk
SC-200503,509,7,1161,0,Loyal Customers
SC-200504,41,9,2989,3,Champions
SC-200951,213,6,2283,0,Loyal Customers
SC-200952,98,9,3987,3,Champions
SC-200953,76,4,635,2,At-Risk
SC-200954,350,9,2090,0,Loyal Customers
SC-202301,30,10,829,0,Loyal Customers
SC-202302,17,8,1785,0,Loyal Customers
SC-202303,652,3,625,1,At-Risk
SC-202304,150,4,218,2,At-Risk
SC-202601,64,9,1379,0,Loyal Customers
SC-202602,745,3,629,1,At-Risk
SC-202603,1,6,887,0,Loyal Customers
SC-202604,188,8,861,0,Loyal Customers
SC-203051,87,6,7606,3,Champions
SC-203052,64,9,1370,0,Loyal Customers
SC-203053,498,4,141,1,At-Risk
SC-203054,30,7,3567,3,Champions
SC-203801,64,12,3095,3,Champions
SC-203802,87,9,1091,0,Loyal Customers
SC-203803,210,7,498,0,Loyal Customers
SC-203804,31,9,3051,3,Champions
SC-204401,204,7,296,0,Loyal Customers
SC-204402,126,3,578,2,At-Risk
SC-204403,10,8,711,0,Loyal Customers
SC-204404,37,7,1568,0,Loyal Customers
SC-205751,119,9,996,0,Loyal Customers
SC-205752,79,9,1035,0,Loyal Customers
SC-205753,28,10,2415,0,Loyal Customers
SC-205754,93,5,863,2,At-Risk
SC-206801,80,9,3085,3,Champions
SC-206802,22,9,1119,0,Loyal Customers
SC-206803,36,7,1133,0,Loyal Customers
SC-206804,127,6,1050,0,Loyal Customers
SC-206951,90,12,8661,3,Champions
SC-206952,503,6,3506,3,Champions
SC-206953,10,7,2339,0,Loyal Customers
SC-206954,90,10,1792,0,Loyal Customers
SC-207251,100,2,61,2,At-Risk
SC-207252,13,10,1473,0,Loyal Customers
SC-207253,8,7,1654,0,Loyal Customers
SC-207254,188,11,2227,0,Loyal Customers
SC-207701,197,10,2304,0,Loyal Customers
SC-207702,104,6,1045,0,Loyal Customers
SC-207703,41,9,1397,0,Loyal Customers
SC-207704,42,7,1687,0,Loyal Customers
SC-208001,204,6,2734,0,Loyal Customers
SC-208002,31,10,2093,0,Loyal Customers
SC-208003,203,4,311,2,At-Risk
SC-208004,31,4,118,2,At-Risk
SC-208451,45,5,2071,0,Loyal Customers
SC-208452,37,5,3251,3,Champions
SC-208453,9,12,1834,0,Loyal Customers
SC-208454,132,2,37,2,At-Risk
SD-104851,41,5,620,2,At-Risk
SD-104852,407,3,43,2,At-Risk
SD-204851,19,9,1287,0,Loyal Customers
SD-204852,16,10,2396,0,Loyal Customers
SD-204853,128,4,499,2,At-Risk
SD-204854,201,9,4641,3,Champions
SE-101101,926,1,18,1,At-Risk
SE-101102,79,2,22,2,At-Risk
SE-201101,344,7,1161,0,Loyal Customers
SE-201102,35,11,2863,3,Champions
SE-201103,156,7,2419,0,Loyal Customers
SE-201104,10,11,2247,0,Loyal Customers
SF-100651,230,4,394,2,At-Risk
SF-100652,406,4,1196,2,At-Risk
SF-102001,142,5,461,2,At-Risk
SF-102002,659,3,1132,1,At-Risk
SF-109651,579,3,486,1,At-Risk
SF-109652,181,3,88,2,At-Risk
SF-200651,59,5,1432,2,At-Risk
SF-200652,664,6,670,1,At-Risk
SF-200653,63,3,842,2,At-Risk
SF-200654,60,7,319,0,Loyal Customers
SF-202001,430,8,1124,0,Loyal Customers
SF-202002,6,6,2737,0,Loyal Customers
SF-202003,115,5,119,2,At-Risk
SF-202004,60,9,3150,3,Champions
SF-209651,79,3,799,2,At-Risk
SF-209652,90,3,350,2,At-Risk
SF-209653,257,2,1237,2,At-Risk
SF-209654,49,9,1724,0,Loyal Customers
SG-100801,780,2,59,1,At-Risk
SG-100802,644,1,56,1,At-Risk
SG-100803,370,3,235,2,At-Risk
SG-104701,419,1,423,2,At-Risk
SG-104702,129,2,78,2,At-Risk
SG-106051,437,3,141,2,At-Risk
SG-106052,234,3,1683,2,At-Risk
SG-108901,401,3,85,2,At-Risk
SG-108902,666,3,541,1,At-Risk
SG-200801,37,6,1228,0,Loyal Customers
SG-200802,69,3,379,2,At-Risk
SG-200803,4,5,314,2,At-Risk
SG-200804,9,3,849,2,At-Risk
SG-204701,321,6,2902,0,Loyal Customers
SG-204702,92,6,772,0,Loyal Customers
SG-204703,91,8,1383,0,Loyal Customers
SG-204704,184,8,1441,0,Loyal Customers
SG-206051,84,10,1681,0,Loyal Customers
SG-206052,171,7,925,0,Loyal Customers
SG-206053,76,9,2741,0,Loyal Customers
SG-206054,109,6,1280,0,Loyal Customers
SG-208901,153,8,4235,3,Champions
SG-208902,48,5,1167,2,At-Risk
SG-208903,17,6,460,2,At-Risk
SG-208904,227,3,38,2,At-Risk
SH-103951,64,2,10,2,At-Risk
SH-103952,192,1,14,2,At-Risk
SH-103953,803,1,10,1,At-Risk
SH-106351,159,4,251,2,At-Risk
SH-199751,26,7,1809,0,Loyal Customers
SH-199752,104,4,1390,2,At-Risk
SH-199753,145,5,623,2,At-Risk
SH-199754,30,13,1214,0,Loyal Customers
SH-203951,136,10,746,0,Loyal Customers
SH-203952,131,8,1879,0,Loyal Customers
SH-203953,40,5,1981,0,Loyal Customers
SH-203954,24,10,1658,0,Loyal Customers
SH-206351,133,6,1380,0,Loyal Customers
SH-206352,31,8,1739,0,Loyal Customers
SH-206353,33,9,730,0,Loyal Customers
SH-206354,766,2,2096,1,At-Risk
SH-99751,65,2,476,2,At-Risk
SH-99752,107,6,1393,0,Loyal Customers
SJ-101251,393,2,1050,2,At-Risk
SJ-101252,512,1,12,1,At-Risk
SJ-101253,295,6,1219,0,Loyal Customers
SJ-102151,338,2,61,2,At-Risk
SJ-102152,937,1,22,1,At-Risk
SJ-102153,57,6,510,2,At-Risk
SJ-105001,275,3,454,2,At-Risk
SJ-201251,140,4,335,2,At-Risk
SJ-201252,33,9,2649,0,Loyal Customers
SJ-201253,210,5,535,2,At-Risk
SJ-201254,96,12,1112,0,Loyal Customers
SJ-202151,188,9,1144,0,Loyal Customers
SJ-202152,29,8,1381,0,Loyal Customers
SJ-202153,83,9,1298,0,Loyal Customers
SJ-202154,30,6,1023,0,Loyal Customers
SJ-205001,176,8,1189,0,Loyal Customers
SJ-205002,579,7,826,1,At-Risk
SJ-205003,408,6,1199,2,At-Risk
SJ-205004,254,5,551,2,At-Risk
SK-199901,139,4,1436,2,At-Risk
SK-199902,38,4,1881,2,At-Risk
SK-199903,118,8,514,0,Loyal Customers
SK-199904,9,3,759,2,At-Risk
SK-99901,353,3,306,2,At-Risk
SK-99902,31,4,154,2,At-Risk
SL-101551,167,7,279,0,Loyal Customers
SL-101552,756,1,28,1,At-Risk
SL-101553,167,6,98,2,At-Risk
SL-201551,113,5,710,2,At-Risk
SL-201552,30,9,2617,0,Loyal Customers
SL-201553,68,11,2535,0,Loyal Customers
SL-201554,71,7,1551,0,Loyal Customers
SM-100051,105,3,152,2,At-Risk
SM-100052,118,5,710,2,At-Risk
SM-103201,77,4,2663,0,Loyal Customers
SM-103202,157,3,44,2,At-Risk
SM-109051,133,4,449,2,At-Risk
SM-109052,983,1,26,1,At-Risk
SM-109501,126,2,57,2,At-Risk
SM-109502,105,7,426,0,Loyal Customers
SM-200051,148,6,527,2,At-Risk
SM-200052,232,7,2224,0,Loyal Customers
SM-200053,240,5,1299,2,At-Risk
SM-200054,422,4,71,2,At-Risk
SM-203201,22,4,993,2,At-Risk
SM-203202,55,7,2841,0,Loyal Customers
SM-203203,534,5,1470,1,At-Risk
SM-203204,80,5,23282,3,Champions
SM-209051,38,7,2504,0,Loyal Customers
SM-209052,252,7,1880,0,Loyal Customers
SM-209053,374,2,175,2,At-Risk
SM-209054,607,1,225,1,At-Risk
SM-209501,34,4,397,2,At-Risk
SM-209502,122,6,858,0,Loyal Customers
SM-209503,79,7,1488,0,Loyal Customers
SM-209504,26,12,2328,0,Loyal Customers
SN-105601,381,2,88,2,At-Risk
SN-105602,1413,1,277,1,At-Risk
SN-105603,14,3,268,2,At-Risk
SN-107101,253,2,192,2,At-Risk
SN-107102,377,2,97,2,At-Risk
SN-205601,84,6,1108,0,Loyal Customers
SN-205602,72,6,1261,0,Loyal Customers
SN-205603,76,7,1423,0,Loyal Customers
SN-205604,112,6,940,0,Loyal Customers
SN-207101,805,4,2909,1,At-Risk
SN-207102,127,6,1461,0,Loyal Customers
SN-207103,45,7,613,0,Loyal Customers
SN-207104,80,7,1593,0,Loyal Customers
SO-103351,1217,1,35,1,At-Risk
SO-103352,401,3,221,2,At-Risk
SO-203351,191,7,4841,3,Champions
SO-203352,416,6,2358,0,Loyal Customers
SO-203353,65,8,1507,0,Loyal Customers
SO-203354,30,6,1209,0,Loyal Customers
SP-105451,19,4,419,2,At-Risk
SP-106201,140,2,77,2,At-Risk
SP-106202,304,3,215,2,At-Risk
SP-106501,398,3,336,2,At-Risk
SP-106502,170,3,342,2,At-Risk
SP-108601,399,2,438,2,At-Risk
SP-109201,212,2,85,2,At-Risk
SP-109202,108,2,127,2,At-Risk
SP-205451,57,6,1793,0,Loyal Customers
SP-205452,28,3,1034,2,At-Risk
SP-205453,17,5,1097,2,At-Risk
SP-205454,328,6,1094,2,At-Risk
SP-206201,6,8,1571,0,Loyal Customers
SP-206202,58,7,2710,0,Loyal Customers
SP-206203,42,7,725,0,Loyal Customers
SP-206204,48,9,977,0,Loyal Customers
SP-206501,28,6,4106,3,Champions
SP-206502,21,3,1419,2,At-Risk
SP-206503,57,6,1892,0,Loyal Customers
SP-206504,387,9,839,0,Loyal Customers
SP-208601,55,2,246,2,At-Risk
SP-208602,97,6,463,2,At-Risk
SP-208603,206,8,768,0,Loyal Customers
SP-208604,80,10,1451,0,Loyal Customers
SP-209201,393,4,554,2,At-Risk
SP-209202,307,12,7283,3,Champions
SP-209203,7,6,301,2,At-Risk
SP-209204,71,6,1607,0,Loyal Customers
SR-104251,314,3,112,2,At-Risk
SR-104252,45,1,47,2,At-Risk
SR-104253,48,1,52,2,At-Risk
SR-107401,97,2,56,2,At-Risk
SR-107402,22,2,330,2,At-Risk
SR-204251,126,5,1370,2,At-Risk
SR-204252,106,6,3167,3,Champions
SR-204253,35,3,686,2,At-Risk
SR-204254,9,5,3170,0,Loyal Customers
SR-207401,94,9,2875,0,Loyal Customers
SR-207402,24,8,2279,0,Loyal Customers
SR-207403,124,8,1592,0,Loyal Customers
SR-207404,197,8,3965,3,Champions
SS-101401,30,3,164,2,At-Risk
SS-101402,181,1,7,2,At-Risk
SS-101403,342,3,1268,2,At-Risk
SS-104101,400,2,120,2,At-Risk
SS-104102,375,1,13,2,At-Risk
SS-104103,27,7,273,0,Loyal Customers
SS-105151,778,1,43,1,At-Risk
SS-105152,675,2,51,1,At-Risk
SS-105901,29,2,53,2,At-Risk
SS-105902,1238,1,29,1,At-Risk
SS-108751,251,2,484,2,At-Risk
SS-108752,864,2,67,1,At-Risk
SS-201401,72,11,4753,3,Champions
SS-201402,132,5,4829,3,Champions
SS-201403,87,8,1753,0,Loyal Customers
SS-201404,16,8,299,0,Loyal Customers
SS-204101,397,6,1103,2,At-Risk
SS-204102,371,5,3699,3,Champions
SS-204103,34,10,1890,0,Loyal Customers
SS-204104,111,6,1831,0,Loyal Customers
SS-205151,106,5,2070,0,Loyal Customers
SS-205152,1,6,2761,0,Loyal Customers
SS-205153,106,5,804,2,At-Risk
SS-205154,492,3,222,1,At-Risk
SS-205901,6,10,754,0,Loyal Customers
SS-205902,150,5,2347,0,Loyal Customers
SS-205903,393,5,2348,0,Loyal Customers
SS-205904,433,6,384,2,At-Risk
SS-208751,93,6,1509,0,Loyal Customers
SS-208752,15,5,481,2,At-Risk
SS-208753,166,5,968,2,At-Risk
SS-208754,121,5,227,2,At-Risk
ST-105301,96,4,227,2,At-Risk
ST-105302,127,2,111,2,At-Risk
ST-205301,34,5,4134,3,Champions
ST-205302,7,10,761,0,Loyal Customers
ST-205303,134,10,4203,3,Champions
ST-205304,126,7,279,0,Loyal Customers
SU-106651,49,3,1650,2,At-Risk
SU-106652,174,3,209,2,At-Risk
SU-206651,5,5,601,2,At-Risk
SU-206652,72,5,657,2,At-Risk
SU-206653,35,6,426,2,At-Risk
SU-206654,21,7,554,0,Loyal Customers
SV-103651,864,1,23,1,At-Risk
SV-103652,184,4,139,2,At-Risk
SV-107851,22,3,800,2,At-Risk
SV-107852,30,4,137,2,At-Risk
SV-108151,118,2,748,2,At-Risk
SV-108152,9,1,111,2,At-Risk
SV-108153,253,6,432,2,At-Risk
SV-109351,828,2,110,1,At-Risk
SV-109352,12,1,311,2,At-Risk
SV-203651,88,11,2455,0,Loyal Customers
SV-203652,182,3,1380,2,At-Risk
SV-203653,191,7,1018,0,Loyal Customers
SV-203654,102,10,2449,0,Loyal Customers
SV-207851,92,7,1219,0,Loyal Customers
SV-207852,86,6,1880,0,Loyal Customers
SV-207853,23,5,748,2,At-Risk
SV-207854,321,9,1718,0,Loyal Customers
SV-208151,69,7,5877,3,Champions
SV-208152,42,4,494,2,At-Risk
SV-208153,35,9,1127,0,Loyal Customers
SV-208154,77,4,174,2,At-Risk
SV-209351,17,10,5579,3,Champions
SV-209352,1,5,923,2,At-Risk
SV-209353,227,5,1413,2,At-Risk
SV-209354,3,8,1554,0,Loyal Customers
SW-102451,23,2,249,2,At-Risk
SW-102452,239,2,64,2,At-Risk
SW-102751,50,1,52,2,At-Risk
SW-102752,85,1,27,2,At-Risk
SW-102753,59,3,228,2,At-Risk
SW-103501,101,4,279,2,At-Risk
SW-103502,107,5,391,2,At-Risk
SW-104551,517,5,306,1,At-Risk
SW-104552,8,4,575,2,At-Risk
SW-107551,44,3,297,2,At-Risk
SW-107552,71,1,80,2,At-Risk
SW-107553,55,3,174,2,At-Risk
SW-202451,119,6,3824,3,Champions
SW-202452,13,7,3120,3,Champions
SW-202453,34,6,1024,0,Loyal Customers
SW-202454,82,7,814,0,Loyal Customers
SW-202751,154,11,1539,0,Loyal Customers
SW-202752,93,5,1983,0,Loyal Customers
SW-202753,22,11,1361,0,Loyal Customers
SW-202754,31,6,1962,0,Loyal Customers
SW-203501,69,6,3765,3,Champions
SW-203502,13,8,1448,0,Loyal Customers
SW-203503,240,4,400,2,At-Risk
SW-203504,163,3,245,2,At-Risk
SW-204551,66,5,1618,0,Loyal Customers
SW-204552,8,8,953,0,Loyal Customers
SW-204553,185,2,195,2,At-Risk
SW-204554,163,7,2647,0,Loyal Customers
SW-207551,75,8,3919,3,Champions
SW-207552,16,9,1166,0,Loyal Customers
SW-207553,146,12,837,0,Loyal Customers
SW-207554,535,2,56,1,At-Risk
SZ-100351,957,1,392,1,At-Risk
SZ-100352,1191,3,197,1,At-Risk
SZ-200351,14,11,5455,3,Champions
SZ-200352,126,1,57,2,At-Risk
SZ-200353,101,14,2985,3,Champions
SZ-200354,36,11,1799,0,Loyal Customers
TA-113851,9,3,147,2,At-Risk
TA-113852,853,2,1052,1,At-Risk
TA-213851,19,6,5851,3,Champions
TA-213852,27,9,951,0,Loyal Customers
TA-213853,98,6,1191,0,Loyal Customers
TA-213854,70,4,487,2,At-Risk
TB-110551,857,1,193,1,At-Risk
TB-110552,325,2,536,2,At-Risk
TB-111751,217,1,86,2,At-Risk
TB-111752,377,3,192,2,At-Risk
TB-111901,392,2,228,2,At-Risk
TB-111902,115,2,627,2,At-Risk
TB-112501,2,5,856,2,At-Risk
TB-112502,9,10,2716,0,Loyal Customers
TB-112801,870,2,710,1,At-Risk
TB-112802,289,2,84,2,At-Risk
TB-112803,157,5,309,2,At-Risk
TB-113551,15,5,153,2,At-Risk
TB-113552,453,3,103,2,At-Risk
TB-114001,912,2,84,1,At-Risk
TB-114002,112,7,186,0,Loyal Customers
TB-115201,81,4,139,2,At-Risk
TB-115202,19,7,1278,0,Loyal Customers
TB-115951,297,1,38,2,At-Risk
TB-115952,163,3,539,2,At-Risk
TB-116251,954,2,41,1,At-Risk
TB-116252,399,3,655,2,At-Risk
TB-210551,78,8,2027,0,Loyal Customers
TB-210552,36,6,1246,0,Loyal Customers
TB-210553,320,10,1047,0,Loyal Customers
TB-210554,120,5,204,2,At-Risk
TB-211751,46,7,1010,0,Loyal Customers
TB-211752,86,6,705,0,Loyal Customers
TB-211753,40,10,2680,0,Loyal Customers
TB-211754,59,4,96,2,At-Risk
TB-211901,143,5,1102,2,At-Risk
TB-211902,542,4,584,1,At-Risk
TB-211903,99,4,432,2,At-Risk
TB-211904,50,4,816,2,At-Risk
TB-212501,3,4,415,2,At-Risk
TB-212502,8,9,2799,0,Loyal Customers
TB-212503,81,8,1820,0,Loyal Customers
TB-212504,350,7,132,2,At-Risk
TB-212801,218,4,473,2,At-Risk
TB-212802,356,4,453,2,At-Risk
TB-212803,58,12,3120,3,Champions
TB-212804,584,6,1487,1,At-Risk
TB-213551,241,3,445,2,At-Risk
TB-213552,215,2,792,2,At-Risk
TB-213553,55,10,655,0,Loyal Customers
TB-213554,147,5,242,2,At-Risk
TB-214001,26,7,3425,3,Champions
TB-214002,582,3,837,1,At-Risk
TB-214003,210,9,558,0,Loyal Customers
TB-214004,203,7,7206,3,Champions
TB-215201,84,12,2784,3,Champions
TB-215202,113,8,1740,0,Loyal Customers
TB-215203,31,5,1142,2,At-Risk
TB-215204,108,9,3963,3,Champions
TB-215951,50,9,704,0,Loyal Customers
TB-215952,433,5,930,2,At-Risk
TB-215953,29,7,2506,0,Loyal Customers
TB-215954,286,5,1203,2,At-Risk
TB-216251,42,10,2919,3,Champions
TB-216252,243,6,2013,0,Loyal Customers
TB-216253,73,6,1309,0,Loyal Customers
TB-216254,31,9,1660,0,Loyal Customers
TC-109801,337,2,83,2,At-Risk
TC-109802,48,6,647,0,Loyal Customers
TC-111451,149,3,417,2,At-Risk
TC-111452,13,7,526,0,Loyal Customers
TC-112951,13,3,140,2,At-Risk
TC-112952,499,1,11,1,At-Risk
TC-112953,367,1,6,2,At-Risk
TC-114751,205,2,96,2,At-Risk
TC-114752,728,1,178,1,At-Risk
TC-114753,409,6,443,2,At-Risk
TC-115351,491,3,534,1,At-Risk
TC-115352,371,1,8,2,At-Risk
TC-209801,28,7,1738,0,Loyal Customers
TC-209802,128,7,698,0,Loyal Customers
TC-209803,143,9,2175,0,Loyal Customers
TC-209804,400,5,152,2,At-Risk
TC-211451,12,11,4046,3,Champions
TC-211452,51,4,178,2,At-Risk
TC-211453,57,9,1044,0,Loyal Customers
TC-211454,107,1,82,2,At-Risk
TC-212951,147,6,823,0,Loyal Customers
TC-212952,63,10,5313,3,Champions
TC-212953,30,5,267,2,At-Risk
TC-212954,28,8,1544,0,Loyal Customers
TC-214751,64,9,1968,0,Loyal Customers
TC-214752,2,4,475,2,At-Risk
TC-214753,10,7,619,0,Loyal Customers
TC-214754,154,9,879,0,Loyal Customers
TC-215351,49,7,992,0,Loyal Customers
TC-215352,206,5,1763,0,Loyal Customers
TC-215353,1,11,2452,0,Loyal Customers
TC-215354,5,7,610,0,Loyal Customers
TD-109951,461,1,117,1,At-Risk
TD-109952,181,1,41,2,At-Risk
TD-109953,302,1,308,2,At-Risk
TD-209951,21,6,653,0,Loyal Customers
TD-209952,281,6,344,2,At-Risk
TD-209953,1,4,655,2,At-Risk
TD-209954,38,9,1184,0,Loyal Customers
TG-113101,161,1,16,2,At-Risk
TG-113102,1272,1,128,1,At-Risk
TG-113103,268,1,42,2,At-Risk
TG-116401,224,3,469,2,At-Risk
TG-116402,31,1,457,2,At-Risk
TG-116403,41,5,2300,0,Loyal Customers
TG-213101,15,9,1408,0,Loyal Customers
TG-213102,212,11,1153,0,Loyal Customers
TG-213103,42,7,1124,0,Loyal Customers
TG-213104,338,5,1309,2,At-Risk
TG-216401,43,9,2225,0,Loyal Customers
TG-216402,6,10,4904,3,Champions
TG-216403,27,10,2917,3,Champions
TG-216404,115,4,510,2,At-Risk
TH-111001,254,1,25,2,At-Risk
TH-111002,416,3,141,2,At-Risk
TH-111151,120,4,1761,2,At-Risk
TH-111152,197,1,44,2,At-Risk
TH-111153,254,1,65,2,At-Risk
TH-112351,231,4,770,2,At-Risk
TH-112352,380,6,559,2,At-Risk
TH-115501,390,3,143,2,At-Risk
TH-115502,463,1,93,1,At-Risk
TH-115503,1269,1,11,1,At-Risk
TH-211001,7,9,1897,0,Loyal Customers
TH-211002,55,8,1612,0,Loyal Customers
TH-211003,90,5,489,2,At-Risk
TH-211004,345,5,1784,2,At-Risk
TH-211151,224,8,1718,0,Loyal Customers
TH-211152,108,2,288,2,At-Risk
TH-211153,44,11,1015,0,Loyal Customers
TH-211154,59,4,1227,2,At-Risk
TH-212351,195,5,783,2,At-Risk
TH-212352,9,8,1859,0,Loyal Customers
TH-212353,471,5,2445,0,Loyal Customers
TH-212354,118,8,856,0,Loyal Customers
TH-215501,455,5,2306,0,Loyal Customers
TH-215502,76,4,252,2,At-Risk
TH-215503,6,10,2887,3,Champions
TH-215504,73,7,2849,0,Loyal Customers
TM-110101,591,2,61,1,At-Risk
TM-110102,243,1,4,2,At-Risk
TM-114901,171,2,58,2,At-Risk
TM-114902,56,6,649,0,Loyal Customers
TM-210101,140,6,413,2,At-Risk
TM-210102,65,10,2520,0,Loyal Customers
TM-210103,96,3,982,2,At-Risk
TM-210104,104,8,640,0,Loyal Customers
TM-214901,98,10,3709,3,Champions
TM-214902,59,9,911,0,Loyal Customers
TM-214903,41,5,1346,2,At-Risk
TM-214904,131,3,551,2,At-Risk
TN-110401,55,2,96,2,At-Risk
TN-210401,23,7,1097,0,Loyal Customers
TN-210402,128,7,713,0,Loyal Customers
TN-210403,188,8,781,0,Loyal Customers
TN-210404,91,7,2692,0,Loyal Customers
TP-111301,202,3,127,2,At-Risk
TP-111302,140,3,503,2,At-Risk
TP-114151,642,3,223,1,At-Risk
TP-114152,1402,1,12,1,At-Risk
TP-115651,104,2,141,2,At-Risk
TP-115652,687,3,573,1,At-Risk
TP-211301,3,10,3160,3,Champions
TP-211302,57,7,3148,3,Champions
TP-211303,22,11,4136,3,Champions
TP-211304,9,9,2266,0,Loyal Customers
TP-214151,101,8,2170,0,Loyal Customers
TP-214152,119,3,296,2,At-Risk
TP-214153,49,6,1469,0,Loyal Customers
TP-214154,105,5,4921,3,Champions
TP-215651,15,8,831,0,Loyal Customers
TP-215652,139,10,1365,0,Loyal Customers
TP-215653,134,8,843,0,Loyal Customers
TP-215654,351,4,953,2,At-Risk
TR-113251,398,2,64,2,At-Risk
TR-113252,169,2,123,2,At-Risk
TR-213251,2,7,2631,0,Loyal Customers
TR-213252,171,6,611,2,At-Risk
TR-213253,253,4,1283,2,At-Risk
TR-213254,194,5,393,2,At-Risk
TS-110851,220,3,135,2,At-Risk
TS-110852,419,1,24,2,At-Risk
TS-110853,236,4,413,2,At-Risk
TS-111601,868,1,22,1,At-Risk
TS-111602,106,4,258,2,At-Risk
TS-112051,308,1,338,2,At-Risk
TS-112052,918,2,58,1,At-Risk
TS-113401,41,1,18,2,At-Risk
TS-113402,406,1,143,2,At-Risk
TS-113403,330,3,203,2,At-Risk
TS-113701,727,4,146,1,At-Risk
TS-113702,19,6,1981,0,Loyal Customers
TS-114301,119,4,296,2,At-Risk
TS-114302,150,3,577,2,At-Risk
TS-115051,288,3,2033,2,At-Risk
TS-115052,377,1,8,2,At-Risk
TS-116101,1324,1,397,1,At-Risk
TS-116102,176,4,159,2,At-Risk
TS-116551,203,1,176,2,At-Risk
TS-116552,205,5,223,2,At-Risk
TS-210851,50,3,276,2,At-Risk
TS-210852,42,5,336,2,At-Risk
TS-210853,269,9,1062,0,Loyal Customers
TS-210854,358,2,5,2,At-Risk
TS-211601,495,5,1917,2,At-Risk
TS-211602,106,6,466,2,At-Risk
TS-211603,9,5,246,2,At-Risk
TS-211604,505,6,591,2,At-Risk
TS-212051,64,11,2232,0,Loyal Customers
TS-212052,27,9,504,0,Loyal Customers
TS-212053,120,5,703,2,At-Risk
TS-212054,199,7,550,0,Loyal Customers
TS-213401,9,9,1133,0,Loyal Customers
TS-213402,71,7,1979,0,Loyal Customers
TS-213403,43,10,1440,0,Loyal Customers
TS-213404,227,5,225,2,At-Risk
TS-213701,70,6,2862,0,Loyal Customers
TS-213702,267,9,2783,0,Loyal Customers
TS-213703,49,6,597,0,Loyal Customers
TS-213704,37,6,8578,3,Champions
TS-214301,49,9,938,0,Loyal Customers
TS-214302,20,5,1456,0,Loyal Customers
TS-214303,48,3,831,2,At-Risk
TS-214304,173,5,2000,0,Loyal Customers
TS-215051,84,10,3032,3,Champions
TS-215052,80,4,2688,0,Loyal Customers
TS-215053,100,7,841,0,Loyal Customers
TS-215054,12,6,1694,0,Loyal Customers
TS-216101,209,6,2973,0,Loyal Customers
TS-216102,21,8,3787,3,Champions
TS-216103,373,9,830,0,Loyal Customers
TS-216104,56,7,1203,0,Loyal Customers
TS-216551,356,6,1341,0,Loyal Customers
TS-216552,282,8,2502,0,Loyal Customers
TS-216553,85,5,619,2,At-Risk
TS-216554,239,5,1361,2,At-Risk
TT-110701,38,2,35,2,At-Risk
TT-112201,6,4,1137,2,At-Risk
TT-112202,292,5,607,2,At-Risk
TT-112651,95,6,2016,0,Loyal Customers
TT-112652,156,3,525,2,At-Risk
TT-114601,362,4,117,2,At-Risk
TT-114602,43,4,771,2,At-Risk
TT-210701,15,9,2419,0,Loyal Customers
TT-210702,358,9,1309,0,Loyal Customers
TT-210703,66,6,801,0,Loyal Customers
TT-210704,32,7,1249,0,Loyal Customers
TT-212201,104,5,2141,0,Loyal Customers
TT-212202,38,5,1050,2,At-Risk
TT-212203,232,4,2060,2,At-Risk
TT-212204,184,8,1160,0,Loyal Customers
TT-212651,3,6,1422,0,Loyal Customers
TT-212652,477,1,180,1,At-Risk
TT-212653,2,10,448,0,Loyal Customers
TT-212654,407,3,439,2,At-Risk
TT-214601,148,6,3396,3,Champions
TT-214602,129,9,4102,3,Champions
TT-214603,62,10,846,0,Loyal Customers
TT-214604,13,7,1381,0,Loyal Customers
TW-110251,777,2,52,1,At-Risk
TW-110252,20,6,198,2,At-Risk
TW-210251,42,7,3359,3,Champions
TW-210252,187,8,858,0,Loyal Customers
TW-210253,687,5,293,1,At-Risk
TW-210254,65,7,897,0,Loyal Customers
TZ-114451,660,2,158,1,At-Risk
TZ-114452,385,2,154,2,At-Risk
TZ-114453,369,3,129,2,At-Risk
TZ-115801,49,3,123,2,At-Risk
TZ-115802,843,2,226,1,At-Risk
TZ-214451,70,9,2239,0,Loyal Customers
TZ-214452,222,4,258,2,At-Risk
TZ-214453,9,15,3370,3,Champions
TZ-215801,246,3,477,2,At-Risk
TZ-215802,288,5,3011,0,Loyal Customers
TZ-215803,52,7,1076,0,Loyal Customers
TZ-215804,36,4,637,2,At-Risk
VB-117451,5,2,220,2,At-Risk
VB-117452,275,2,379,2,At-Risk
VB-217451,13,7,1263,0,Loyal Customers
VB-217452,387,5,1403,2,At-Risk
VB-217453,52,3,1007,2,At-Risk
VB-217454,55,6,1616,0,Loyal Customers
VD-116701,36,2,70,2,At-Risk
VD-116702,1,7,860,0,Loyal Customers
VD-216701,132,6,1359,0,Loyal Customers
VD-216702,37,4,1064,2,At-Risk
VD-216703,58,5,631,2,At-Risk
VD-216704,582,6,2811,0,Loyal Customers
VF-117151,95,2,48,2,At-Risk
VF-117152,997,2,59,1,At-Risk
VF-217151,49,8,3171,3,Champions
VF-217152,107,4,2663,0,Loyal Customers
VF-217153,218,7,1444,0,Loyal Customers
VF-217154,14,5,684,2,At-Risk
VG-117901,161,2,266,2,At-Risk
VG-117902,148,2,42,2,At-Risk
VG-118051,136,2,69,2,At-Risk
VG-118052,624,2,640,1,At-Risk
VG-217901,151,8,887,0,Loyal Customers
VG-217902,111,5,577,2,At-Risk
VG-217903,185,8,3455,3,Champions
VG-217904,155,6,717,2,At-Risk
VG-218051,97,7,3373,3,Champions
VG-218052,5,5,841,2,At-Risk
VG-218053,3,6,272,2,At-Risk
VG-218054,287,5,422,2,At-Risk
VM-116851,14,2,52,2,At-Risk
VM-116852,464,4,209,2,At-Risk
VM-118351,813,2,28,1,At-Risk
VM-118352,9,1,54,2,At-Risk
VM-216851,64,11,3015,3,Champions
VM-216852,230,4,703,2,At-Risk
VM-216853,33,10,899,0,Loyal Customers
VM-216854,55,7,1510,0,Loyal Customers
VM-218351,204,7,514,0,Loyal Customers
VM-218352,112,7,1035,0,Loyal Customers
VM-218353,1185,1,11,1,At-Risk
VM-218354,118,5,113,2,At-Risk
VP-117301,1009,1,60,1,At-Risk
VP-117302,29,3,151,2,At-Risk
VP-117601,237,2,121,2,At-Risk
VP-117602,418,1,770,2,At-Risk
VP-217301,41,11,1349,0,Loyal Customers
VP-217302,155,7,1703,0,Loyal Customers
VP-217303,69,8,1209,0,Loyal Customers
VP-217304,31,3,364,2,At-Risk
VP-217601,77,7,2482,0,Loyal Customers
VP-217602,90,7,5975,3,Champions
VP-217603,98,7,1320,0,Loyal Customers
VP-217604,76,7,2835,0,Loyal Customers
VS-118201,23,3,57,2,At-Risk
VS-118202,192,4,984,2,At-Risk
VS-218201,161,4,2180,2,At-Risk
VS-218202,236,5,1462,2,At-Risk
VS-218203,139,2,147,2,At-Risk
VS-218204,222,4,882,2,At-Risk
VT-117001,31,4,199,2,At-Risk
VT-117002,202,3,624,2,At-Risk
VT-217001,89,13,3441,3,Champions
VT-217002,8,8,868,0,Loyal Customers
VT-217003,358,2,137,2,At-Risk
VT-217004,1001,2,452,1,At-Risk
VW-117751,408,1,196,2,At-Risk
VW-117752,8,4,323,2,At-Risk
VW-217751,35,11,3478,3,Champions
VW-217752,7,4,541,2,At-Risk
VW-217753,75,5,755,2,At-Risk
VW-217754,29,10,4548,3,Champions
WB-118501,115,1,30,2,At-Risk
WB-118502,1310,1,21,1,At-Risk
WB-218501,24,10,1671,0,Loyal Customers
WB-218502,22,8,969,0,Loyal Customers
WB-218503,105,9,3125,3,Champions
WB-218504,21,11,484,0,Loyal Customers
XP-118651,667,2,93,1,At-Risk
XP-118652,161,1,4,2,At-Risk
XP-218651,131,7,2372,0,Loyal Customers
XP-218652,245,4,2053,2,At-Risk
XP-218653,240,5,2982,0,Loyal Customers
XP-218654,44,11,1237,0,Loyal Customers
YC-118951,187,3,97,2,At-Risk
YC-118952,100,1,12,2,At-Risk
YC-218951,474,4,2372,2,At-Risk
YC-218952,44,14,4447,3,Champions
YC-218953,876,4,123,1,At-Risk
YC-218954,5,5,2355,0,Loyal Customers
YS-118801,5,2,190,2,At-Risk
YS-118802,765,4,773,1,At-Risk
YS-218801,234,4,3515,3,Champions
YS-218802,198,6,739,2,At-Risk
YS-218803,126,8,1394,0,Loyal Customers
YS-218804,10,8,3267,3,Champions
ZC-119101,201,1,7,2,At-Risk
ZC-219101,37,7,2316,0,Loyal Customers
ZC-219102,4,11,3895,3,Champions
ZC-219103,55,6,624,0,Loyal Customers
ZC-219104,55,13,3363,3,Champions
ZD-119251,4,3,257,2,At-Risk
ZD-119252,398,6,1486,0,Loyal Customers
ZD-219251,19,5,807,2,At-Risk
ZD-219252,2,7,2907,0,Loyal Customers
ZD-219253,197,3,1550,2,At-Risk
ZD-219254,203,5,174,2,At-Risk
